-- MySQL dump 10.13  Distrib 5.7.17, for Linux (x86_64)
--
-- Host: localhost    Database: mindpalace
-- ------------------------------------------------------
-- Server version	5.7.17-0ubuntu0.16.04.1

/*!40101 SET @OLD_CHARACTER_SET_CLIENT=@@CHARACTER_SET_CLIENT */;
/*!40101 SET @OLD_CHARACTER_SET_RESULTS=@@CHARACTER_SET_RESULTS */;
/*!40101 SET @OLD_COLLATION_CONNECTION=@@COLLATION_CONNECTION */;
/*!40101 SET NAMES utf8 */;
/*!40103 SET @OLD_TIME_ZONE=@@TIME_ZONE */;
/*!40103 SET TIME_ZONE='+00:00' */;
/*!40014 SET @OLD_UNIQUE_CHECKS=@@UNIQUE_CHECKS, UNIQUE_CHECKS=0 */;
/*!40014 SET @OLD_FOREIGN_KEY_CHECKS=@@FOREIGN_KEY_CHECKS, FOREIGN_KEY_CHECKS=0 */;
/*!40101 SET @OLD_SQL_MODE=@@SQL_MODE, SQL_MODE='NO_AUTO_VALUE_ON_ZERO' */;
/*!40111 SET @OLD_SQL_NOTES=@@SQL_NOTES, SQL_NOTES=0 */;

--
-- Table structure for table `mp_ctg`
--

DROP TABLE IF EXISTS `mp_ctg`;
/*!40101 SET @saved_cs_client     = @@character_set_client */;
/*!40101 SET character_set_client = utf8 */;
CREATE TABLE `mp_ctg` (
  `ctg_id` int(10) unsigned NOT NULL AUTO_INCREMENT COMMENT '分类ID',
  `user_id` int(10) unsigned NOT NULL COMMENT '用户ID',
  `title` varchar(255) NOT NULL COMMENT '分类名',
  `updated_at` timestamp NOT NULL DEFAULT CURRENT_TIMESTAMP ON UPDATE CURRENT_TIMESTAMP COMMENT '更新时间',
  `created_at` timestamp NULL DEFAULT NULL COMMENT '创建时间',
  PRIMARY KEY (`ctg_id`)
) ENGINE=InnoDB AUTO_INCREMENT=202 DEFAULT CHARSET=utf8;
/*!40101 SET character_set_client = @saved_cs_client */;

--
-- Dumping data for table `mp_ctg`
--

LOCK TABLES `mp_ctg` WRITE;
/*!40000 ALTER TABLE `mp_ctg` DISABLE KEYS */;
INSERT INTO `mp_ctg` VALUES (1,1,'PHP','2016-08-07 04:07:03','0000-00-00 00:00:00'),(2,1,'函数','2016-08-06 20:04:38','0000-00-00 00:00:00'),(3,1,'JavaScript','2016-08-07 04:09:28','0000-00-00 00:00:00'),(4,1,'变量、作用域和内存','2016-08-06 20:07:34','0000-00-00 00:00:00'),(5,1,'实用技巧','2016-08-06 20:04:38','0000-00-00 00:00:00'),(6,1,'无限分类','2016-08-06 20:04:38','0000-00-00 00:00:00'),(7,1,'面向对象','2016-08-06 20:04:38','0000-00-00 00:00:00'),(8,1,'CSS','2016-08-07 04:09:28','0000-00-00 00:00:00'),(9,1,'transform','2016-08-06 20:07:52','0000-00-00 00:00:00'),(10,1,'matrix3d','2016-08-06 20:07:52','0000-00-00 00:00:00'),(11,1,'background','2016-08-06 20:07:52','0000-00-00 00:00:00'),(12,1,'Version Control','2016-08-24 00:14:37','0000-00-00 00:00:00'),(13,1,'Git','2016-08-24 00:14:37','0000-00-00 00:00:00'),(14,1,'SVN','2016-08-24 00:14:37','0000-00-00 00:00:00'),(15,1,'transform2d','2016-08-06 20:07:52','0000-00-00 00:00:00'),(16,1,'transform3d','2016-08-06 20:07:52','0000-00-00 00:00:00'),(17,1,'函数收集','2016-08-06 20:07:34','0000-00-00 00:00:00'),(18,1,'事件','2016-08-06 20:07:34','0000-00-00 00:00:00'),(19,1,'事件类型','2016-08-06 20:07:34','0000-00-00 00:00:00'),(20,1,'触摸与手势事件','2016-08-06 20:07:34','0000-00-00 00:00:00'),(21,1,'方法','2016-08-06 20:07:34','0000-00-00 00:00:00'),(22,1,'perspective-origin','2016-08-06 20:07:52','0000-00-00 00:00:00'),(23,1,'垃圾收集','2016-08-06 20:07:34','0000-00-00 00:00:00'),(24,1,'基本类型和引用类型的值','2016-08-06 20:07:34','0000-00-00 00:00:00'),(25,1,'执行环境及作用域','2016-08-06 20:07:34','0000-00-00 00:00:00'),(26,1,'Chrome devtools','2016-08-06 20:07:34','0000-00-00 00:00:00'),(27,1,'Profile','2016-08-06 20:07:34','0000-00-00 00:00:00'),(29,1,'HTML5','2016-08-07 04:09:28','0000-00-00 00:00:00'),(30,1,'SVG','2016-08-06 20:08:21','0000-00-00 00:00:00'),(32,1,'日常','2016-08-07 04:09:28','0000-00-00 00:00:00'),(34,1,'计划','2016-08-06 20:11:07','0000-00-00 00:00:00'),(35,1,'道','2016-08-24 01:31:55','0000-00-00 00:00:00'),(36,1,'道德经','2016-08-24 01:31:55','0000-00-00 00:00:00'),(37,1,'DOM2 和 DOM3','2016-08-06 20:07:34','0000-00-00 00:00:00'),(38,1,'DOM变化','2016-08-06 20:07:34','0000-00-00 00:00:00'),(39,1,'针对XML命名空间的变化','2016-08-06 20:07:34','0000-00-00 00:00:00'),(40,1,'Coordinate Systems, Transformations and Units','2016-08-06 20:08:21','0000-00-00 00:00:00'),(41,1,'Paths','2016-08-06 20:08:21','0000-00-00 00:00:00'),(42,1,'Text','2016-08-06 20:08:21','0000-00-00 00:00:00'),(43,1,'Basic Shapes','2016-08-06 20:08:21','0000-00-00 00:00:00'),(44,1,'冒泡排序','2016-08-06 20:04:38','0000-00-00 00:00:00'),(45,1,'自动加载','2016-08-06 20:04:38','0000-00-00 00:00:00'),(46,1,'重载与重写','2016-08-06 20:04:38','0000-00-00 00:00:00'),(47,1,'MySql','2016-08-07 04:09:28','0000-00-00 00:00:00'),(48,1,'索引','2016-08-06 20:08:55','0000-00-00 00:00:00'),(49,1,'框架','2016-08-06 20:04:38','0000-00-00 00:00:00'),(50,1,'数据库','2016-08-06 20:04:38','0000-00-00 00:00:00'),(51,1,'Yii','2016-08-06 20:04:38','0000-00-00 00:00:00'),(52,1,'AR','2016-08-06 20:04:38','0000-00-00 00:00:00'),(53,1,' 错误','2016-08-06 20:04:38','0000-00-00 00:00:00'),(54,1,'Notice','2016-08-06 20:04:38','0000-00-00 00:00:00'),(55,1,'C','2016-08-06 20:04:38','0000-00-00 00:00:00'),(56,1,'Curl','2016-08-06 20:04:38','0000-00-00 00:00:00'),(57,1,'IP','2016-08-06 20:04:38','0000-00-00 00:00:00'),(58,1,'外网IP','2016-08-06 20:04:38','0000-00-00 00:00:00'),(59,1,'类','2016-08-06 20:04:38','0000-00-00 00:00:00'),(60,1,'system.web','2016-08-06 20:04:38','0000-00-00 00:00:00'),(61,1,'CWebModule','2016-08-06 20:04:38','0000-00-00 00:00:00'),(62,1,'魔术方法','2016-08-06 20:04:38','0000-00-00 00:00:00'),(63,1,'__construct()','2016-08-06 20:04:38','0000-00-00 00:00:00'),(64,1,' __destruct()','2016-08-06 20:04:38','0000-00-00 00:00:00'),(65,1,'__call()','2016-08-06 20:04:38','0000-00-00 00:00:00'),(66,1,'__callStatic()','2016-08-06 20:04:38','0000-00-00 00:00:00'),(67,1,'__get()','2016-08-06 20:04:38','0000-00-00 00:00:00'),(68,1,'__set()','2016-08-06 20:04:38','0000-00-00 00:00:00'),(69,1,'__isset()','2016-08-06 20:04:38','0000-00-00 00:00:00'),(70,1,'__unset()','2016-08-06 20:04:38','0000-00-00 00:00:00'),(71,1,'__sleep()','2016-08-06 20:04:38','0000-00-00 00:00:00'),(72,1,'__wakeup()','2016-08-06 20:04:38','0000-00-00 00:00:00'),(73,1,'__toString()','2016-08-06 20:04:38','0000-00-00 00:00:00'),(74,1,'__invoke()','2016-08-06 20:04:38','0000-00-00 00:00:00'),(75,1,'__set_state()','2016-08-06 20:04:38','0000-00-00 00:00:00'),(76,1,'__clone()','2016-08-06 20:04:38','0000-00-00 00:00:00'),(77,1,'__debugInfo()','2016-08-06 20:04:38','0000-00-00 00:00:00'),(78,1,'带科通','2016-08-06 20:11:07','0000-00-00 00:00:00'),(79,1,'CFilter','2016-08-06 20:04:38','0000-00-00 00:00:00'),(80,1,'JOIN','2016-08-06 20:08:55','0000-00-00 00:00:00'),(81,1,'D','2016-08-06 20:04:38','0000-00-00 00:00:00'),(82,1,'前端框架','2016-08-06 20:07:34','0000-00-00 00:00:00'),(83,1,'BOOTSTRAP','2016-08-06 20:07:34','0000-00-00 00:00:00'),(84,1,'正则','2016-08-06 20:04:38','0000-00-00 00:00:00'),(86,1,'FORM','2016-08-06 20:08:21','0000-00-00 00:00:00'),(87,1,'jQuery','2016-08-06 20:07:34','0000-00-00 00:00:00'),(88,1,'checkbox','2016-08-06 20:07:34','0000-00-00 00:00:00'),(89,1,'Criteria','2016-08-06 20:04:38','0000-00-00 00:00:00'),(90,1,'S','2016-08-06 20:04:38','0000-00-00 00:00:00'),(91,1,'模型','2016-08-06 20:04:38','0000-00-00 00:00:00'),(92,1,'RULES','2016-08-06 20:04:38','0000-00-00 00:00:00'),(93,1,'WHERE','2016-08-06 20:08:55','0000-00-00 00:00:00'),(94,1,'扩展','2016-08-06 20:04:38','0000-00-00 00:00:00'),(95,1,'扩展工具','2016-08-06 20:04:38','0000-00-00 00:00:00'),(96,1,'PHPExcel','2016-08-06 20:04:38','0000-00-00 00:00:00'),(97,1,'关联查询','2016-08-06 20:08:55','2016-05-03 19:35:47'),(98,1,'int类型','2016-08-06 20:08:55','2016-05-03 19:39:08'),(99,1,'机构经纪人','2016-08-06 20:11:07','2016-05-09 00:20:02'),(100,1,'普通变机构案场确认带访人分配的问题','2016-08-06 20:11:07','2016-05-09 17:58:40'),(101,1,'测试统计','2016-08-06 20:11:07','2016-06-13 01:50:37'),(102,1,'私有化测试','2016-08-06 20:11:07','2016-07-14 01:04:01'),(103,1,'心份额里','2016-08-06 20:11:07','2016-07-25 22:20:23'),(104,1,'萨达','2016-08-06 20:11:07','2016-07-25 22:28:43'),(105,1,'P此说','2016-08-06 20:11:07','2016-07-25 22:36:07'),(106,1,'light','2016-08-24 01:31:55','2016-07-27 22:20:33'),(107,1,'koon11','2016-08-24 01:31:55','2016-07-27 22:23:37'),(108,1,'同类分类1','2016-08-06 20:07:34','2016-07-28 17:42:54'),(109,1,'诺博','2016-08-06 20:07:34','2016-07-28 17:43:53'),(110,1,'李开复','2016-08-06 20:07:34','2016-07-28 17:44:59'),(111,1,'惹人温热','2016-08-06 20:07:34','2016-07-28 17:45:17'),(112,1,'A壹','2016-08-24 23:54:04','2016-07-28 17:57:06'),(113,1,'A11','2016-08-24 23:54:03','2016-07-28 17:57:18'),(114,1,'A111','2016-08-24 23:54:04','2016-07-28 17:57:38'),(115,1,'2016计划','2016-08-24 01:32:20','2016-07-28 18:10:18'),(116,1,'基础部分','2016-08-08 07:21:55','2016-08-08 06:03:26'),(117,1,'五十音','2016-08-23 07:09:07','2016-07-28 17:00:53'),(118,1,'あ ア a','2016-08-23 07:09:07','2016-07-31 17:01:06'),(119,1,'い イ i','2016-08-23 07:09:07','2016-07-31 17:01:14'),(120,1,'う ウ u','2016-08-23 07:09:07','2016-07-31 17:01:19'),(121,1,'え エ e','2016-08-23 07:09:07','2016-07-31 17:01:23'),(122,1,'お オ o','2016-08-23 07:09:07','2016-07-31 17:01:26'),(123,1,'ＰＨＰ','2016-08-23 07:09:07','2016-07-31 17:02:38'),(124,1,'音调','2016-08-23 07:09:07','2016-07-31 17:02:59'),(125,1,'Database','2016-08-23 07:09:07','2016-07-31 17:03:24'),(126,1,'か カ ka','2016-08-23 07:09:07','2016-08-02 22:50:02'),(127,1,'き キ ki','2016-08-23 07:09:07','2016-08-02 22:50:11'),(128,1,'く ク ku','2016-08-23 07:09:07','2016-08-02 22:50:17'),(129,1,'け ケ ke','2016-08-23 07:09:07','2016-08-02 22:50:22'),(130,1,'こ コ ko','2016-08-23 07:09:07','2016-08-02 22:50:59'),(131,1,'さ サ sa','2016-08-23 07:09:07','2016-08-02 22:51:22'),(132,1,'し シ shi','2016-08-23 07:09:07','2016-08-02 22:51:32'),(133,1,'す ス su','2016-08-23 07:09:07','2016-08-02 22:51:40'),(134,1,'せ セ se','2016-08-23 07:09:07','2016-08-02 22:51:45'),(135,1,'そ ソ so','2016-08-23 07:09:07','2016-08-02 22:51:51'),(136,1,'た タ ta','2016-08-23 07:09:07','2016-08-02 22:52:03'),(137,1,'ち チ chi','2016-08-23 07:09:07','2016-08-02 22:52:08'),(138,1,'つ ツ tsu','2016-08-23 07:09:07','2016-08-02 22:52:16'),(139,1,'て テ te','2016-08-23 07:09:07','2016-08-02 22:52:21'),(140,1,'と ト to','2016-08-23 07:09:07','2016-08-02 22:52:26'),(141,1,'な ナ na','2016-08-23 07:09:07','2016-08-02 22:52:30'),(142,1,'に ニ ni','2016-08-23 07:09:07','2016-08-02 22:52:34'),(143,1,'ぬ ヌ nu','2016-08-23 07:09:07','2016-08-02 22:52:38'),(144,1,'ね ネ ne','2016-08-23 07:09:07','2016-08-02 22:52:42'),(145,1,'の ノ no','2016-08-23 07:09:07','2016-08-02 22:52:47'),(146,1,'は ハ ha','2016-08-23 07:09:07','2016-08-02 22:52:57'),(147,1,'ひ ヒ hi','2016-08-23 07:09:07','2016-08-02 22:53:02'),(148,1,'ふ フ fu','2016-08-23 07:09:07','2016-08-02 22:53:07'),(149,1,'へ ヘ he','2016-08-23 07:09:07','2016-08-02 22:53:14'),(150,1,'ほ ホ ho','2016-08-23 07:09:07','2016-08-02 22:53:19'),(151,1,'ま マ ma','2016-08-23 07:09:07','2016-08-02 22:53:25'),(152,1,'み ミ mi','2016-08-23 07:09:07','2016-08-02 22:53:29'),(153,1,'む ム mu','2016-08-23 07:09:07','2016-08-02 22:53:35'),(154,1,'め メ me','2016-08-23 07:09:07','2016-08-02 22:53:39'),(155,1,'も モ mo','2016-08-23 07:09:07','2016-08-02 22:53:44'),(156,1,'や ヤ ya','2016-08-23 07:09:07','2016-08-02 22:54:04'),(157,1,'ゆ ユ yu','2016-08-23 07:09:07','2016-08-02 22:54:09'),(158,1,'よ ヨ yo','2016-08-23 07:09:07','2016-08-02 22:54:14'),(159,1,'ら ラ ra','2016-08-23 07:09:07','2016-08-02 22:54:18'),(160,1,'り リ ri','2016-08-23 07:09:07','2016-08-02 22:54:24'),(161,1,'る ル ru','2016-08-23 07:09:07','2016-08-02 22:54:29'),(162,1,'れ レ re','2016-08-23 07:09:07','2016-08-02 22:54:34'),(163,1,'ろ ロ ro','2016-08-23 07:09:07','2016-08-02 22:54:38'),(164,1,'わ ワ wa','2016-08-23 07:09:07','2016-08-02 22:54:45'),(165,1,'を オ o','2016-08-23 07:09:07','2016-08-02 22:54:49'),(166,1,'个人','2016-08-23 07:09:07','2016-08-03 22:12:33'),(167,1,'数据库','2016-08-03 22:12:33','2016-08-03 22:12:33'),(168,1,'浊音','2016-08-23 09:28:18','2016-08-22 23:36:07'),(169,1,'外来语','2016-08-23 19:00:13','2016-08-23 01:27:19'),(170,1,'长音','2016-08-24 10:14:06','2016-08-23 06:26:23'),(171,1,'dasdasdasd','2016-08-24 10:14:06','2016-08-24 00:54:36'),(172,1,'adsdads','2016-08-24 10:14:06','2016-08-24 00:54:52'),(173,1,'zzzzzzz','2016-08-24 10:14:06','2016-08-24 01:12:44'),(174,1,'打萨斯的','2016-08-24 02:15:10','2016-08-24 02:15:10'),(175,1,'打萨斯的','2016-08-24 02:15:11','2016-08-24 02:15:11'),(176,1,'打萨斯的','2016-08-24 02:15:12','2016-08-24 02:15:12'),(177,1,'打萨斯的','2016-08-24 02:15:13','2016-08-24 02:15:13'),(178,1,'打萨斯的','2016-08-24 02:15:13','2016-08-24 02:15:13'),(179,1,'打萨斯的','2016-08-24 02:15:13','2016-08-24 02:15:13'),(180,1,'打萨斯的','2016-08-24 02:15:14','2016-08-24 02:15:14'),(193,1,'liu','2017-02-10 02:42:13','2017-02-10 02:42:13'),(194,1,'chuanshangqule','2017-02-10 02:53:03','2017-02-10 02:53:03'),(195,1,'ninin','2017-02-10 02:59:58','2017-02-10 02:59:58'),(196,1,'fsdfsdfdasdasd','2017-02-10 03:02:35','2017-02-10 03:02:35'),(197,1,'fsdfsdfdasdasddfsdfsdf','2017-02-10 03:09:08','2017-02-10 03:09:08'),(198,1,'顶顶顶顶顶','2017-02-24 08:47:29','2017-02-24 08:47:29'),(199,1,'打扫大','2017-02-24 08:48:17','2017-02-24 08:48:17'),(200,1,'呜呜呜呜呜呜','2017-02-24 08:55:45','2017-02-24 08:55:45'),(201,1,'呜呜呜呜呜呜','2017-02-24 09:03:48','2017-02-24 09:03:48');
/*!40000 ALTER TABLE `mp_ctg` ENABLE KEYS */;
UNLOCK TABLES;

--
-- Table structure for table `mp_ctg_bak`
--

DROP TABLE IF EXISTS `mp_ctg_bak`;
/*!40101 SET @saved_cs_client     = @@character_set_client */;
/*!40101 SET character_set_client = utf8 */;
CREATE TABLE `mp_ctg_bak` (
  `ctg_id` int(10) unsigned NOT NULL AUTO_INCREMENT COMMENT '分类ID',
  `pid` int(10) unsigned NOT NULL DEFAULT '0' COMMENT '父分类ID',
  `space_id` int(10) unsigned NOT NULL COMMENT '空间ID',
  `user_id` int(10) unsigned NOT NULL COMMENT '用户ID',
  `tier` smallint(5) unsigned NOT NULL DEFAULT '0' COMMENT '层序号',
  `sort` int(10) unsigned NOT NULL DEFAULT '0' COMMENT '排序',
  `path` varchar(255) NOT NULL COMMENT '分类的族谱',
  `title` varchar(255) NOT NULL COMMENT '分类名',
  `updated_at` timestamp NOT NULL DEFAULT CURRENT_TIMESTAMP ON UPDATE CURRENT_TIMESTAMP COMMENT '更新时间',
  `created_at` timestamp NULL DEFAULT NULL COMMENT '创建时间',
  PRIMARY KEY (`ctg_id`)
) ENGINE=InnoDB AUTO_INCREMENT=181 DEFAULT CHARSET=utf8;
/*!40101 SET character_set_client = @saved_cs_client */;

--
-- Dumping data for table `mp_ctg_bak`
--

LOCK TABLES `mp_ctg_bak` WRITE;
/*!40000 ALTER TABLE `mp_ctg_bak` DISABLE KEYS */;
INSERT INTO `mp_ctg_bak` VALUES (1,0,1,1,0,0,'-0-','PHP','2016-08-07 04:07:03','0000-00-00 00:00:00'),(2,1,1,1,1,0,'-0-1-','函数','2016-08-06 20:04:38','0000-00-00 00:00:00'),(3,0,2,1,0,0,'-0-','JavaScript','2016-08-07 04:09:28','0000-00-00 00:00:00'),(4,3,2,1,1,0,'-0-3-','变量、作用域和内存','2016-08-06 20:07:34','0000-00-00 00:00:00'),(5,1,1,1,1,0,'-0-1-','实用技巧','2016-08-06 20:04:38','0000-00-00 00:00:00'),(6,5,1,1,2,0,'-0-1-5-','无限分类','2016-08-06 20:04:38','0000-00-00 00:00:00'),(7,1,1,1,1,0,'-0-1-','面向对象','2016-08-06 20:04:38','0000-00-00 00:00:00'),(8,0,3,1,0,0,'-0-','CSS','2016-08-07 04:09:28','0000-00-00 00:00:00'),(9,8,3,1,1,0,'-0-8-','transform','2016-08-06 20:07:52','0000-00-00 00:00:00'),(10,16,3,1,3,0,'-0-8-9-16-','matrix3d','2016-08-06 20:07:52','0000-00-00 00:00:00'),(11,8,3,1,1,0,'-0-8-','background','2016-08-06 20:07:52','0000-00-00 00:00:00'),(12,34,5,1,2,0,'-0-32-34-','Version Control','2016-08-24 00:14:37','0000-00-00 00:00:00'),(13,12,5,1,3,0,'-0-32-34-12-','Git','2016-08-24 00:14:37','0000-00-00 00:00:00'),(14,12,5,1,3,0,'-0-32-34-12-','SVN','2016-08-24 00:14:37','0000-00-00 00:00:00'),(15,9,3,1,2,0,'-0-8-9-','transform2d','2016-08-06 20:07:52','0000-00-00 00:00:00'),(16,9,3,1,2,0,'-0-8-9-','transform3d','2016-08-06 20:07:52','0000-00-00 00:00:00'),(17,3,2,1,1,0,'-0-3-','函数收集','2016-08-06 20:07:34','0000-00-00 00:00:00'),(18,3,2,1,1,0,'-0-3-','事件','2016-08-06 20:07:34','0000-00-00 00:00:00'),(19,18,2,1,2,0,'-0-3-18-','事件类型','2016-08-06 20:07:34','0000-00-00 00:00:00'),(20,19,2,1,3,0,'-0-3-18-19-','触摸与手势事件','2016-08-06 20:07:34','0000-00-00 00:00:00'),(21,3,2,1,1,0,'-0-3-','方法','2016-08-06 20:07:34','0000-00-00 00:00:00'),(22,16,3,1,3,0,'-0-8-9-16-','perspective-origin','2016-08-06 20:07:52','0000-00-00 00:00:00'),(23,4,2,1,2,0,'-0-3-4-','垃圾收集','2016-08-06 20:07:34','0000-00-00 00:00:00'),(24,4,2,1,2,0,'-0-3-4-','基本类型和引用类型的值','2016-08-06 20:07:34','0000-00-00 00:00:00'),(25,4,2,1,2,0,'-0-3-4-','执行环境及作用域','2016-08-06 20:07:34','0000-00-00 00:00:00'),(26,3,2,1,1,0,'-0-3-','Chrome devtools','2016-08-06 20:07:34','0000-00-00 00:00:00'),(27,26,2,1,2,0,'-0-3-26-','Profile','2016-08-06 20:07:34','0000-00-00 00:00:00'),(29,0,4,1,0,0,'-0-','HTML5','2016-08-07 04:09:28','0000-00-00 00:00:00'),(30,29,4,1,1,0,'-0-29-','SVG','2016-08-06 20:08:21','0000-00-00 00:00:00'),(32,0,5,1,0,0,'-0-','日常','2016-08-07 04:09:28','0000-00-00 00:00:00'),(34,32,5,1,1,0,'-0-32-','计划','2016-08-06 20:11:07','0000-00-00 00:00:00'),(35,115,5,1,2,0,'-0-32-115-','道','2016-08-24 01:31:55','0000-00-00 00:00:00'),(36,35,5,1,3,0,'-0-32-115-35-','道德经','2016-08-24 01:31:55','0000-00-00 00:00:00'),(37,3,2,1,1,0,'-0-3-','DOM2 和 DOM3','2016-08-06 20:07:34','0000-00-00 00:00:00'),(38,37,2,1,2,0,'-0-3-37-','DOM变化','2016-08-06 20:07:34','0000-00-00 00:00:00'),(39,38,2,1,3,0,'-0-3-37-38-','针对XML命名空间的变化','2016-08-06 20:07:34','0000-00-00 00:00:00'),(40,30,4,1,2,0,'-0-29-30-','Coordinate Systems, Transformations and Units','2016-08-06 20:08:21','0000-00-00 00:00:00'),(41,30,4,1,2,0,'-0-29-30-','Paths','2016-08-06 20:08:21','0000-00-00 00:00:00'),(42,30,4,1,2,0,'-0-29-30-','Text','2016-08-06 20:08:21','0000-00-00 00:00:00'),(43,30,4,1,2,0,'-0-29-30-','Basic Shapes','2016-08-06 20:08:21','0000-00-00 00:00:00'),(44,5,1,1,2,0,'-0-1-5-','冒泡排序','2016-08-06 20:04:38','0000-00-00 00:00:00'),(45,5,1,1,2,0,'-0-1-5-','自动加载','2016-08-06 20:04:38','0000-00-00 00:00:00'),(46,5,1,1,2,0,'-0-1-5-','重载与重写','2016-08-06 20:04:38','0000-00-00 00:00:00'),(47,0,6,1,0,0,'-0-','MySql','2016-08-07 04:09:28','0000-00-00 00:00:00'),(48,47,6,1,1,0,'-0-47-','索引','2016-08-06 20:08:55','0000-00-00 00:00:00'),(49,1,1,1,1,0,'-0-1-','框架','2016-08-06 20:04:38','0000-00-00 00:00:00'),(50,51,1,1,3,0,'-0-1-49-51-','数据库','2016-08-06 20:04:38','0000-00-00 00:00:00'),(51,49,1,1,2,0,'-0-1-49-','Yii','2016-08-06 20:04:38','0000-00-00 00:00:00'),(52,50,1,1,4,0,'-0-1-49-51-50-','AR','2016-08-06 20:04:38','0000-00-00 00:00:00'),(53,1,1,1,1,0,'-0-1-',' 错误','2016-08-06 20:04:38','0000-00-00 00:00:00'),(54,53,1,1,2,0,'-0-1-53-','Notice','2016-08-06 20:04:38','0000-00-00 00:00:00'),(55,2,1,1,2,0,'-0-1-2-','C','2016-08-06 20:04:38','0000-00-00 00:00:00'),(56,55,1,1,3,0,'-0-1-2-55-','Curl','2016-08-06 20:04:38','0000-00-00 00:00:00'),(57,5,1,1,2,0,'-0-1-5-','IP','2016-08-06 20:04:38','0000-00-00 00:00:00'),(58,57,1,1,3,0,'-0-1-5-57-','外网IP','2016-08-06 20:04:38','0000-00-00 00:00:00'),(59,51,1,1,3,0,'-0-1-49-51-','类','2016-08-06 20:04:38','0000-00-00 00:00:00'),(60,59,1,1,4,0,'-0-1-49-51-59-','system.web','2016-08-06 20:04:38','0000-00-00 00:00:00'),(61,60,1,1,5,0,'-0-1-49-51-59-60-','CWebModule','2016-08-06 20:04:38','0000-00-00 00:00:00'),(62,7,1,1,2,0,'-0-1-7-','魔术方法','2016-08-06 20:04:38','0000-00-00 00:00:00'),(63,62,1,1,3,0,'-0-1-7-62-','__construct()','2016-08-06 20:04:38','0000-00-00 00:00:00'),(64,62,1,1,3,0,'-0-1-7-62-',' __destruct()','2016-08-06 20:04:38','0000-00-00 00:00:00'),(65,62,1,1,3,0,'-0-1-7-62-','__call()','2016-08-06 20:04:38','0000-00-00 00:00:00'),(66,62,1,1,3,0,'-0-1-7-62-','__callStatic()','2016-08-06 20:04:38','0000-00-00 00:00:00'),(67,62,1,1,3,0,'-0-1-7-62-','__get()','2016-08-06 20:04:38','0000-00-00 00:00:00'),(68,62,1,1,3,0,'-0-1-7-62-','__set()','2016-08-06 20:04:38','0000-00-00 00:00:00'),(69,62,1,1,3,0,'-0-1-7-62-','__isset()','2016-08-06 20:04:38','0000-00-00 00:00:00'),(70,62,1,1,3,0,'-0-1-7-62-','__unset()','2016-08-06 20:04:38','0000-00-00 00:00:00'),(71,62,1,1,3,0,'-0-1-7-62-','__sleep()','2016-08-06 20:04:38','0000-00-00 00:00:00'),(72,62,1,1,3,0,'-0-1-7-62-','__wakeup()','2016-08-06 20:04:38','0000-00-00 00:00:00'),(73,62,1,1,3,0,'-0-1-7-62-','__toString()','2016-08-06 20:04:38','0000-00-00 00:00:00'),(74,62,1,1,3,0,'-0-1-7-62-','__invoke()','2016-08-06 20:04:38','0000-00-00 00:00:00'),(75,62,1,1,3,0,'-0-1-7-62-','__set_state()','2016-08-06 20:04:38','0000-00-00 00:00:00'),(76,62,1,1,3,0,'-0-1-7-62-','__clone()','2016-08-06 20:04:38','0000-00-00 00:00:00'),(77,62,1,1,3,0,'-0-1-7-62-','__debugInfo()','2016-08-06 20:04:38','0000-00-00 00:00:00'),(78,32,5,1,1,0,'-0-32-','带科通','2016-08-06 20:11:07','0000-00-00 00:00:00'),(79,59,1,1,4,0,'-0-1-49-51-59-','CFilter','2016-08-06 20:04:38','0000-00-00 00:00:00'),(80,47,6,1,1,0,'-0-47-','JOIN','2016-08-06 20:08:55','0000-00-00 00:00:00'),(81,2,1,1,2,0,'-0-1-2-','D','2016-08-06 20:04:38','0000-00-00 00:00:00'),(82,3,2,1,1,0,'-0-3-','前端框架','2016-08-06 20:07:34','0000-00-00 00:00:00'),(83,82,2,1,2,0,'-0-3-82-','BOOTSTRAP','2016-08-06 20:07:34','0000-00-00 00:00:00'),(84,1,1,1,1,0,'-0-1-','正则','2016-08-06 20:04:38','0000-00-00 00:00:00'),(86,29,4,1,1,0,'-0-29-','FORM','2016-08-06 20:08:21','0000-00-00 00:00:00'),(87,3,2,1,1,0,'-0-3-','jQuery','2016-08-06 20:07:34','0000-00-00 00:00:00'),(88,87,2,1,2,0,'-0-3-87-','checkbox','2016-08-06 20:07:34','0000-00-00 00:00:00'),(89,50,1,1,4,0,'-0-1-49-51-50-','Criteria','2016-08-06 20:04:38','0000-00-00 00:00:00'),(90,2,1,1,2,0,'-0-1-2-','S','2016-08-06 20:04:38','0000-00-00 00:00:00'),(91,51,1,1,3,0,'-0-1-49-51-','模型','2016-08-06 20:04:38','0000-00-00 00:00:00'),(92,91,1,1,4,0,'-0-1-49-51-91-','RULES','2016-08-06 20:04:38','0000-00-00 00:00:00'),(93,47,6,1,1,0,'-0-47-','WHERE','2016-08-06 20:08:55','0000-00-00 00:00:00'),(94,51,1,1,3,0,'-0-1-49-51-','扩展','2016-08-06 20:04:38','0000-00-00 00:00:00'),(95,1,1,1,1,0,'-0-1-','扩展工具','2016-08-06 20:04:38','0000-00-00 00:00:00'),(96,95,1,1,2,0,'-0-1-95-','PHPExcel','2016-08-06 20:04:38','0000-00-00 00:00:00'),(97,47,6,1,1,0,'-0-47-','关联查询','2016-08-06 20:08:55','2016-05-03 19:35:47'),(98,47,6,1,1,0,'-0-47-','int类型','2016-08-06 20:08:55','2016-05-03 19:39:08'),(99,78,5,1,2,0,'-0-32-78-','机构经纪人','2016-08-06 20:11:07','2016-05-09 00:20:02'),(100,99,5,1,3,0,'-0-32-78-99-','普通变机构案场确认带访人分配的问题','2016-08-06 20:11:07','2016-05-09 17:58:40'),(101,78,5,1,2,0,'-0-32-78-','测试统计','2016-08-06 20:11:07','2016-06-13 01:50:37'),(102,78,5,1,2,0,'-0-32-78-','私有化测试','2016-08-06 20:11:07','2016-07-14 01:04:01'),(103,102,5,1,3,0,'-0-32-78-102-','心份额里','2016-08-06 20:11:07','2016-07-25 22:20:23'),(104,103,5,1,4,0,'-0-32-78-102-103-','萨达','2016-08-06 20:11:07','2016-07-25 22:28:43'),(105,104,5,1,5,0,'-0-32-78-102-103-104-','P此说','2016-08-06 20:11:07','2016-07-25 22:36:07'),(106,35,5,1,3,0,'-0-32-115-35-','light','2016-08-24 01:31:55','2016-07-27 22:20:33'),(107,35,5,1,3,0,'-0-32-115-35-','koon11','2016-08-24 01:31:55','2016-07-27 22:23:37'),(108,82,2,1,2,0,'-0-3-82-','同类分类1','2016-08-06 20:07:34','2016-07-28 17:42:54'),(109,108,2,1,3,0,'-0-3-82-108-','诺博','2016-08-06 20:07:34','2016-07-28 17:43:53'),(110,108,2,1,3,0,'-0-3-82-108-','李开复','2016-08-06 20:07:34','2016-07-28 17:44:59'),(111,109,2,1,4,0,'-0-3-82-108-109-','惹人温热','2016-08-06 20:07:34','2016-07-28 17:45:17'),(112,114,5,1,6,0,'-0-32-78-101-180-113-114-','A壹','2016-08-24 23:54:04','2016-07-28 17:57:06'),(113,180,5,1,4,0,'-0-32-78-101-180-','A11','2016-08-24 23:54:03','2016-07-28 17:57:18'),(114,113,5,1,5,0,'-0-32-78-101-180-113-','A111','2016-08-24 23:54:04','2016-07-28 17:57:38'),(115,32,5,1,1,0,'-0-32-','2016计划','2016-08-24 01:32:20','2016-07-28 18:10:18'),(116,35,7,1,0,0,'-0-','基础部分','2016-08-08 07:21:55','2016-08-08 06:03:26'),(117,116,7,1,1,0,'-0-116-','五十音','2016-08-23 07:09:07','2016-07-28 17:00:53'),(118,117,7,1,2,1,'-0-116-117-','あ ア a','2016-08-23 07:09:07','2016-07-31 17:01:06'),(119,117,7,1,2,2,'-0-116-117-','い イ i','2016-08-23 07:09:07','2016-07-31 17:01:14'),(120,117,7,1,2,3,'-0-116-117-','う ウ u','2016-08-23 07:09:07','2016-07-31 17:01:19'),(121,117,7,1,2,4,'-0-116-117-','え エ e','2016-08-23 07:09:07','2016-07-31 17:01:23'),(122,117,7,1,2,5,'-0-116-117-','お オ o','2016-08-23 07:09:07','2016-07-31 17:01:26'),(123,0,7,1,0,0,'-0-','ＰＨＰ','2016-08-23 07:09:07','2016-07-31 17:02:38'),(124,116,7,1,1,0,'-0-116-','音调','2016-08-23 07:09:07','2016-07-31 17:02:59'),(125,0,7,1,0,0,'-0-','Database','2016-08-23 07:09:07','2016-07-31 17:03:24'),(126,117,7,1,2,6,'-0-116-117-','か カ ka','2016-08-23 07:09:07','2016-08-02 22:50:02'),(127,117,7,1,2,7,'-0-116-117-','き キ ki','2016-08-23 07:09:07','2016-08-02 22:50:11'),(128,117,7,1,2,8,'-0-116-117-','く ク ku','2016-08-23 07:09:07','2016-08-02 22:50:17'),(129,117,7,1,2,9,'-0-116-117-','け ケ ke','2016-08-23 07:09:07','2016-08-02 22:50:22'),(130,117,7,1,2,10,'-0-116-117-','こ コ ko','2016-08-23 07:09:07','2016-08-02 22:50:59'),(131,117,7,1,2,11,'-0-116-117-','さ サ sa','2016-08-23 07:09:07','2016-08-02 22:51:22'),(132,117,7,1,2,12,'-0-116-117-','し シ shi','2016-08-23 07:09:07','2016-08-02 22:51:32'),(133,117,7,1,2,13,'-0-116-117-','す ス su','2016-08-23 07:09:07','2016-08-02 22:51:40'),(134,117,7,1,2,14,'-0-116-117-','せ セ se','2016-08-23 07:09:07','2016-08-02 22:51:45'),(135,117,7,1,2,15,'-0-116-117-','そ ソ so','2016-08-23 07:09:07','2016-08-02 22:51:51'),(136,117,7,1,2,16,'-0-116-117-','た タ ta','2016-08-23 07:09:07','2016-08-02 22:52:03'),(137,117,7,1,2,17,'-0-116-117-','ち チ chi','2016-08-23 07:09:07','2016-08-02 22:52:08'),(138,117,7,1,2,18,'-0-116-117-','つ ツ tsu','2016-08-23 07:09:07','2016-08-02 22:52:16'),(139,117,7,1,2,19,'-0-116-117-','て テ te','2016-08-23 07:09:07','2016-08-02 22:52:21'),(140,117,7,1,2,20,'-0-116-117-','と ト to','2016-08-23 07:09:07','2016-08-02 22:52:26'),(141,117,7,1,2,21,'-0-116-117-','な ナ na','2016-08-23 07:09:07','2016-08-02 22:52:30'),(142,117,7,1,2,22,'-0-116-117-','に ニ ni','2016-08-23 07:09:07','2016-08-02 22:52:34'),(143,117,7,1,2,23,'-0-116-117-','ぬ ヌ nu','2016-08-23 07:09:07','2016-08-02 22:52:38'),(144,117,7,1,2,24,'-0-116-117-','ね ネ ne','2016-08-23 07:09:07','2016-08-02 22:52:42'),(145,117,7,1,2,25,'-0-116-117-','の ノ no','2016-08-23 07:09:07','2016-08-02 22:52:47'),(146,117,7,1,2,26,'-0-116-117-','は ハ ha','2016-08-23 07:09:07','2016-08-02 22:52:57'),(147,117,7,1,2,27,'-0-116-117-','ひ ヒ hi','2016-08-23 07:09:07','2016-08-02 22:53:02'),(148,117,7,1,2,28,'-0-116-117-','ふ フ fu','2016-08-23 07:09:07','2016-08-02 22:53:07'),(149,117,7,1,2,29,'-0-116-117-','へ ヘ he','2016-08-23 07:09:07','2016-08-02 22:53:14'),(150,117,7,1,2,30,'-0-116-117-','ほ ホ ho','2016-08-23 07:09:07','2016-08-02 22:53:19'),(151,117,7,1,2,31,'-0-116-117-','ま マ ma','2016-08-23 07:09:07','2016-08-02 22:53:25'),(152,117,7,1,2,32,'-0-116-117-','み ミ mi','2016-08-23 07:09:07','2016-08-02 22:53:29'),(153,117,7,1,2,33,'-0-116-117-','む ム mu','2016-08-23 07:09:07','2016-08-02 22:53:35'),(154,117,7,1,2,34,'-0-116-117-','め メ me','2016-08-23 07:09:07','2016-08-02 22:53:39'),(155,117,7,1,2,35,'-0-116-117-','も モ mo','2016-08-23 07:09:07','2016-08-02 22:53:44'),(156,117,7,1,2,36,'-0-116-117-','や ヤ ya','2016-08-23 07:09:07','2016-08-02 22:54:04'),(157,117,7,1,2,37,'-0-116-117-','ゆ ユ yu','2016-08-23 07:09:07','2016-08-02 22:54:09'),(158,117,7,1,2,38,'-0-116-117-','よ ヨ yo','2016-08-23 07:09:07','2016-08-02 22:54:14'),(159,117,7,1,2,39,'-0-116-117-','ら ラ ra','2016-08-23 07:09:07','2016-08-02 22:54:18'),(160,117,7,1,2,40,'-0-116-117-','り リ ri','2016-08-23 07:09:07','2016-08-02 22:54:24'),(161,117,7,1,2,41,'-0-116-117-','る ル ru','2016-08-23 07:09:07','2016-08-02 22:54:29'),(162,117,7,1,2,42,'-0-116-117-','れ レ re','2016-08-23 07:09:07','2016-08-02 22:54:34'),(163,117,7,1,2,43,'-0-116-117-','ろ ロ ro','2016-08-23 07:09:07','2016-08-02 22:54:38'),(164,117,7,1,2,44,'-0-116-117-','わ ワ wa','2016-08-23 07:09:07','2016-08-02 22:54:45'),(165,117,7,1,2,45,'-0-116-117-','を オ o','2016-08-23 07:09:07','2016-08-02 22:54:49'),(166,0,7,1,0,0,'-0-','个人','2016-08-23 07:09:07','2016-08-03 22:12:33'),(167,0,8,1,0,0,'-0-','数据库','2016-08-03 22:12:33','2016-08-03 22:12:33'),(168,116,8,1,1,0,'-0-116-','浊音','2016-08-23 09:28:18','2016-08-22 23:36:07'),(169,116,8,1,1,0,'-0-116-','外来语','2016-08-23 19:00:13','2016-08-23 01:27:19'),(170,116,8,1,1,0,'-0-116-','长音','2016-08-24 10:14:06','2016-08-23 06:26:23'),(171,115,5,1,2,0,'-0-32-115-','dasdasdasd','2016-08-24 10:14:06','2016-08-24 00:54:36'),(172,115,5,1,2,0,'-0-32-115-','adsdads','2016-08-24 10:14:06','2016-08-24 00:54:52'),(173,115,5,1,2,0,'-0-32-115-','zzzzzzz','2016-08-24 10:14:06','2016-08-24 01:12:44'),(174,101,5,1,3,0,'-0-32-78-101-','打萨斯的','2016-08-24 02:15:10','2016-08-24 02:15:10'),(175,101,5,1,3,0,'-0-32-78-101-','打萨斯的','2016-08-24 02:15:11','2016-08-24 02:15:11'),(176,101,5,1,3,0,'-0-32-78-101-','打萨斯的','2016-08-24 02:15:12','2016-08-24 02:15:12'),(177,101,5,1,3,0,'-0-32-78-101-','打萨斯的','2016-08-24 02:15:13','2016-08-24 02:15:13'),(178,101,5,1,3,0,'-0-32-78-101-','打萨斯的','2016-08-24 02:15:13','2016-08-24 02:15:13'),(179,101,5,1,3,0,'-0-32-78-101-','打萨斯的','2016-08-24 02:15:13','2016-08-24 02:15:13'),(180,101,5,1,3,0,'-0-32-78-101-','打萨斯的','2016-08-24 02:15:14','2016-08-24 02:15:14');
/*!40000 ALTER TABLE `mp_ctg_bak` ENABLE KEYS */;
UNLOCK TABLES;

--
-- Table structure for table `mp_ctg_item_tags`
--

DROP TABLE IF EXISTS `mp_ctg_item_tags`;
/*!40101 SET @saved_cs_client     = @@character_set_client */;
/*!40101 SET character_set_client = utf8 */;
CREATE TABLE `mp_ctg_item_tags` (
  `ctg_id` int(10) unsigned NOT NULL COMMENT '分类ID',
  `item_id` int(10) unsigned NOT NULL COMMENT '内容ID',
  `tag_id` smallint(5) unsigned NOT NULL COMMENT '标签ID',
  KEY `ctg_id` (`ctg_id`),
  KEY `item_id` (`item_id`),
  KEY `tag_id` (`tag_id`)
) ENGINE=InnoDB DEFAULT CHARSET=latin1;
/*!40101 SET character_set_client = @saved_cs_client */;

--
-- Dumping data for table `mp_ctg_item_tags`
--

LOCK TABLES `mp_ctg_item_tags` WRITE;
/*!40000 ALTER TABLE `mp_ctg_item_tags` DISABLE KEYS */;
/*!40000 ALTER TABLE `mp_ctg_item_tags` ENABLE KEYS */;
UNLOCK TABLES;

--
-- Table structure for table `mp_ctg_tag`
--

DROP TABLE IF EXISTS `mp_ctg_tag`;
/*!40101 SET @saved_cs_client     = @@character_set_client */;
/*!40101 SET character_set_client = utf8 */;
CREATE TABLE `mp_ctg_tag` (
  `ctg_id` int(10) unsigned NOT NULL COMMENT '分类ID',
  `tag_id` smallint(5) unsigned NOT NULL COMMENT '标签ID',
  KEY `ctg_id` (`ctg_id`),
  KEY `tag_id` (`tag_id`)
) ENGINE=InnoDB DEFAULT CHARSET=latin1;
/*!40101 SET character_set_client = @saved_cs_client */;

--
-- Dumping data for table `mp_ctg_tag`
--

LOCK TABLES `mp_ctg_tag` WRITE;
/*!40000 ALTER TABLE `mp_ctg_tag` DISABLE KEYS */;
/*!40000 ALTER TABLE `mp_ctg_tag` ENABLE KEYS */;
UNLOCK TABLES;

--
-- Table structure for table `mp_friends`
--

DROP TABLE IF EXISTS `mp_friends`;
/*!40101 SET @saved_cs_client     = @@character_set_client */;
/*!40101 SET character_set_client = utf8 */;
CREATE TABLE `mp_friends` (
  `user_id` int(11) NOT NULL,
  `friend_id` int(11) NOT NULL,
  PRIMARY KEY (`user_id`,`friend_id`)
) ENGINE=InnoDB DEFAULT CHARSET=latin1;
/*!40101 SET character_set_client = @saved_cs_client */;

--
-- Dumping data for table `mp_friends`
--

LOCK TABLES `mp_friends` WRITE;
/*!40000 ALTER TABLE `mp_friends` DISABLE KEYS */;
/*!40000 ALTER TABLE `mp_friends` ENABLE KEYS */;
UNLOCK TABLES;

--
-- Table structure for table `mp_item`
--

DROP TABLE IF EXISTS `mp_item`;
/*!40101 SET @saved_cs_client     = @@character_set_client */;
/*!40101 SET character_set_client = utf8 */;
CREATE TABLE `mp_item` (
  `item_id` int(10) unsigned NOT NULL AUTO_INCREMENT COMMENT '内容ID',
  `ctg_id` int(10) unsigned NOT NULL DEFAULT '0' COMMENT '分类ID',
  `content` mediumtext NOT NULL COMMENT '内容',
  PRIMARY KEY (`item_id`),
  UNIQUE KEY `ctg_id_UNIQUE` (`ctg_id`)
) ENGINE=InnoDB AUTO_INCREMENT=140 DEFAULT CHARSET=utf8;
/*!40101 SET character_set_client = @saved_cs_client */;

--
-- Dumping data for table `mp_item`
--

LOCK TABLES `mp_item` WRITE;
/*!40000 ALTER TABLE `mp_item` DISABLE KEYS */;
INSERT INTO `mp_item` VALUES (1,115,'<div>&nbsp;</div><div>重置视角</div><div>自由旋转</div><div>隐藏内层</div><div>只看该层</div><div>隐藏外层</div><div><br></div><div><br></div><div>储存位置数组，创建分类和内容时，动态添加到球体当中</div><div><br></div><div><br></div><div>编辑分类和内容时，同时可以编辑标签和排序，考虑用一个位于下方或右方的界面编辑</div>'),(2,114,'<div><br></div>'),(3,126,'<div>がいこ</div>'),(4,124,'<div>一个单词不会有两次下降,只可能一次或没有下降</div><div><br></div><div>一个单词里面前两个假名的音调一定是相反的</div><div><br></div><div>0 第一个假名是低音,第二个自然就是高的,之后全部是高音</div><div><br></div><div>1 唯一一个从高音开始的发音,第二个自然是低音,之后全部是低音</div><div><br></div><div>2 第一个是低音,第二个升高,第三个是下降,之后全部下降</div><div><br></div><div>3~ 第一个是低音,第二个升高,升到第三个,之后下降.</div><div>之后的以此类推,第一个低音,第二个开始升高,标的是几,就升到第几个,之后下降</div>'),(5,168,'<div>k -&gt; g</div><div>s -&gt; z</div><div>t  -&gt; d</div><div>h -&gt; b </div><div>h -&gt; p</div>'),(6,170,'<div>あ段假名后加 あ　お母さん　おかあさん</div><div>い段假名后加 い　お兄さん　おにいさん</div><div>う段假名后加 う　通訳　　　つうやく</div><div>え段假名后加 え　せんせい　先生</div><div>お段假名后加 お　お父さん　おとうさん</div><div><br></div>'),(7,34,'<div>响应式验证手机</div><div>IE TRANSFORM</div><div>响应式改变布局</div><div>1111111111111</div><div>&nbsp;</div>'),(8,171,'<div>asdasdasd</div>'),(9,173,'<div>zzzzzzzz</div>'),(10,106,'<div>22222222222</div>'),(132,174,'<div><br></div>'),(133,175,'<div><br></div>'),(134,176,'<div><br></div>'),(135,177,'<div><br></div>'),(136,178,'<div><br></div>'),(137,179,'<div><br></div>'),(138,180,'<div><br></div>'),(139,194,'dasdasdasdasd\r\nas\r\nd\r\nasd\r\na\r\nsd\r\na\r\nsd\r\na\r\nsda\r\nsd\r\nasdasdasd');
/*!40000 ALTER TABLE `mp_item` ENABLE KEYS */;
UNLOCK TABLES;

--
-- Table structure for table `mp_migrations`
--

DROP TABLE IF EXISTS `mp_migrations`;
/*!40101 SET @saved_cs_client     = @@character_set_client */;
/*!40101 SET character_set_client = utf8 */;
CREATE TABLE `mp_migrations` (
  `migration` varchar(255) COLLATE utf8_unicode_ci NOT NULL,
  `batch` int(11) NOT NULL
) ENGINE=InnoDB DEFAULT CHARSET=utf8 COLLATE=utf8_unicode_ci;
/*!40101 SET character_set_client = @saved_cs_client */;

--
-- Dumping data for table `mp_migrations`
--

LOCK TABLES `mp_migrations` WRITE;
/*!40000 ALTER TABLE `mp_migrations` DISABLE KEYS */;
INSERT INTO `mp_migrations` VALUES ('2014_10_12_000000_create_users_table',1),('2014_10_12_100000_create_password_resets_table',1),('2016_06_01_000001_create_oauth_auth_codes_table',2),('2016_06_01_000002_create_oauth_access_tokens_table',2),('2016_06_01_000003_create_oauth_refresh_tokens_table',2),('2016_06_01_000004_create_oauth_clients_table',2),('2016_06_01_000005_create_oauth_personal_access_clients_table',2);
/*!40000 ALTER TABLE `mp_migrations` ENABLE KEYS */;
UNLOCK TABLES;

--
-- Table structure for table `mp_oauth_access_tokens`
--

DROP TABLE IF EXISTS `mp_oauth_access_tokens`;
/*!40101 SET @saved_cs_client     = @@character_set_client */;
/*!40101 SET character_set_client = utf8 */;
CREATE TABLE `mp_oauth_access_tokens` (
  `id` varchar(100) COLLATE utf8_unicode_ci NOT NULL,
  `user_id` int(11) DEFAULT NULL,
  `client_id` int(11) NOT NULL,
  `name` varchar(255) COLLATE utf8_unicode_ci DEFAULT NULL,
  `scopes` text COLLATE utf8_unicode_ci,
  `revoked` tinyint(1) NOT NULL,
  `created_at` timestamp NULL DEFAULT NULL,
  `updated_at` timestamp NULL DEFAULT NULL,
  `expires_at` datetime DEFAULT NULL,
  PRIMARY KEY (`id`),
  KEY `oauth_access_tokens_user_id_index` (`user_id`)
) ENGINE=InnoDB DEFAULT CHARSET=utf8 COLLATE=utf8_unicode_ci;
/*!40101 SET character_set_client = @saved_cs_client */;

--
-- Dumping data for table `mp_oauth_access_tokens`
--

LOCK TABLES `mp_oauth_access_tokens` WRITE;
/*!40000 ALTER TABLE `mp_oauth_access_tokens` DISABLE KEYS */;
INSERT INTO `mp_oauth_access_tokens` VALUES ('10e2b33101bad60b59abc314d3dbd4a5190584ecf05d186d3ca461138d1eb3859fa9605b342d5ce9',1,2,NULL,'[\"*\"]',1,'2017-02-21 10:06:36','2017-02-21 10:06:36','2018-02-21 18:06:36'),('18a8593c41a4bcd9ea88f969644d726e8427672514cf4f5c748a94702c25b8a00e25b8d3d7e48268',1,2,NULL,'[\"*\"]',1,'2017-02-23 05:53:36','2017-02-23 05:53:36','2018-02-23 13:53:36'),('273d4637d47a425e82682d8183b9c858e0254e127dfc5625b6e99521b8fe84d212d150917c5fa165',1,2,NULL,'[\"*\"]',1,'2016-10-27 07:42:16','2016-10-27 07:42:16','2116-10-27 15:42:16'),('27c44a017740ef3ff3c48d7bd59d87d36d590eedbb4a67a4cb974f25f2179ced5f36433027342677',1,2,NULL,'[\"*\"]',1,'2017-02-27 02:27:03','2017-02-27 02:27:03','2018-02-27 10:27:03'),('2c7cede3a91bb6ab20cf0c29d740713c268ccadbd3351adf1a8bc2edbf127e31ed7ea853058bf39f',1,2,NULL,'[\"*\"]',1,'2016-10-27 08:19:58','2016-10-27 08:19:58','2116-10-27 16:19:58'),('31e71a63a5c4f53e7af8cde640c2c12a3a086738a1f6bcb25080e55f764f79bc65a92186d5c0cd62',1,2,NULL,'[\"*\"]',1,'2017-02-24 08:48:06','2017-02-24 08:48:06','2018-02-24 16:48:06'),('459908c73ca699fbc61689f2525f243543b2c2eeab1c5815265afbeb264f872b84b1ddef13eb8735',1,2,NULL,'[\"*\"]',1,'2017-02-10 02:04:51','2017-02-10 02:04:51','2018-02-10 10:04:51'),('48e17fbace9f6c72623e10dc614ca9f2a897983f877923b2502d3f0d7a949e160de89a432dbab500',1,2,NULL,'[\"*\"]',1,'2016-10-27 08:42:36','2016-10-27 08:42:36','2116-10-27 16:42:36'),('4bb76c9028e7ff4678d885c8f387c4a9b5d31acf7bdf5b7a9af75eeb9cd373e82153cc16eb556464',1,2,NULL,'[\"*\"]',1,'2017-02-21 07:49:35','2017-02-21 07:49:35','2018-02-21 15:49:35'),('5135c7e5422351900365e8c4c28b0f31c90d8f6d17017e766bfee513302e52345b0a78ff01344cfc',26,2,NULL,'[\"*\"]',0,'2017-02-27 09:57:22','2017-02-27 09:57:22','2018-02-27 17:57:22'),('543088d773ac0a59c8f136ecf6a3e407c1e168feff5dc8b604dbd65da3007fe1eb089b6a705f266a',30,2,NULL,'[\"*\"]',0,'2017-02-27 10:20:10','2017-02-27 10:20:10','2018-02-27 18:20:10'),('66407619d098deabf34eaca6c218572d2d723f0db05940ac8d8d483b6964b199538eb53aacd18141',31,2,NULL,'[\"*\"]',0,'2017-02-27 10:21:09','2017-02-27 10:21:09','2018-02-27 18:21:09'),('6809e849944224bbe15cce733656163ad5c572e4d042f66fd427d0f8b1cb7ea4ae2d51e8623b11af',1,2,NULL,'[\"*\"]',1,'2017-02-13 01:44:39','2017-02-13 01:44:39','2018-02-13 09:44:39'),('68e74593fef5d6f5af4b539220f9dec53cd51dd94692e04629640ae85e73cb7292d83afe1e14569e',1,2,NULL,'[\"*\"]',1,'2016-10-27 08:43:35','2016-10-27 08:43:35','2116-10-27 16:43:35'),('6c04834ced218faadaea3e6db20a03b9854fe5aec016c4752343736f00c3fc0e12aa7801d75904c3',1,2,NULL,'[\"*\"]',1,'2017-02-21 08:57:10','2017-02-21 08:57:10','2018-02-21 16:57:10'),('6d9c2c198ccab513a30acf04963d0bf70043e6767522c5f68069657a878d90a771f06d81d4303b24',1,2,NULL,'[\"*\"]',1,'2016-10-27 08:41:43','2016-10-27 08:41:43','2116-10-27 16:41:43'),('71a22f5a17e6de82c91e70ad86bff1caafea044f53a25a63b8a6e7ed2f0b73ca25982ca8dd1e2928',1,2,NULL,'[\"*\"]',1,'2017-02-22 09:56:51','2017-02-22 09:56:51','2018-02-22 17:56:51'),('80f1a14d82360a3c45eb4b5698138b8983b5362bbcd270e10376ab6cb9b2a2977866f1f2fbda1a73',1,2,NULL,'[\"*\"]',1,'2017-02-13 01:47:00','2017-02-13 01:47:00','2018-02-13 09:47:00'),('873cdc3c4e8f5b6270a8b9ba2c8f71614862cc798a68429423a53438af4da9765f62522ee8dcf535',1,2,NULL,'[\"*\"]',1,'2017-02-13 01:44:11','2017-02-13 01:44:11','2018-02-13 09:44:11'),('8d15adda26c4a5f7b296ad85f6d734db8040f5be6a40f3aa46fcf67f35bb55c7dd98b89234f7bb49',1,2,NULL,'[\"*\"]',1,'2017-02-21 09:59:36','2017-02-21 09:59:36','2018-02-21 17:59:36'),('907c22352ac3a837a8be10839bab3d2d303bb86fcabb45e92672d6a7b738cd171d1d5a50b270c68d',1,2,NULL,'[\"*\"]',1,'2017-02-24 08:46:37','2017-02-24 08:46:37','2018-02-24 16:46:37'),('9364c6923f39cdfe9fecdfede13635008a3002249787535adc2e980f43881b434bef30df9dd0e95f',27,2,NULL,'[\"*\"]',0,'2017-02-27 10:12:21','2017-02-27 10:12:21','2018-02-27 18:12:21'),('9695eb2604d182c2471e2fc6630d1951c6dccd44aee50f19786deab19a2e1e06654a062973eaf370',1,2,NULL,'[\"*\"]',1,'2017-02-23 03:45:01','2017-02-23 03:45:01','2018-02-23 11:45:01'),('98a89fe0b02548e43fc4c43152e61a700fdd0f47a3f9825041e20fffadf590d42196b4e0872d6987',1,2,NULL,'[\"*\"]',1,'2017-02-23 01:05:56','2017-02-23 01:05:56','2018-02-23 09:05:56'),('9b1088a5d2d8afae32697057701fbe90328c3f760c4ecafd00fadffb98d0016b0e9fd65d128785db',29,2,NULL,'[\"*\"]',0,'2017-02-27 10:18:38','2017-02-27 10:18:38','2018-02-27 18:18:38'),('9fec8cddc72f448feb4ed15522993379441cf8a8c009b83793466bcd69f2e0d10979a7a9b3a710ac',1,2,NULL,'[\"*\"]',1,'2017-02-13 01:45:10','2017-02-13 01:45:10','2018-02-13 09:45:10'),('a86537f891a5960556f4637cb2126a0313a73d9696147c09b031213e63503a96d1be25838c117c1b',1,2,NULL,'[\"*\"]',1,'2017-02-08 05:52:54','2017-02-08 05:52:54','2018-02-08 13:52:54'),('ab10a2cda67d371c307a5f8883ad76b18d775862258223040ceb2f773aa5192bd8efbac801944b69',1,2,NULL,'[\"*\"]',1,'2017-02-23 05:52:41','2017-02-23 05:52:41','2018-02-23 13:52:41'),('af76afa54fd8200aa6e63dcf56a4869321228a5b107c38ac0fa3ab5ed25a37ec3b06444124deae47',1,2,NULL,'[\"*\"]',1,'2017-02-21 07:32:21','2017-02-21 07:32:21','2018-02-21 15:32:21'),('c8093d608ee68888c66f160ff9425c4cc30226cc53a6634cd3e2b9f52466a88778a9d95ac5eb77b2',1,2,NULL,'[\"*\"]',1,'2017-02-23 07:23:07','2017-02-23 07:23:07','2018-02-23 15:23:07'),('cfa911493b2d6c0391ca9a09aa17b83717288f98dffb5e2fddc4499eb81d213cdfcbef55fd16c514',1,2,NULL,'[\"*\"]',1,'2016-11-08 06:23:00','2016-11-08 06:23:00','2116-11-08 14:23:00'),('d0ed085c42fa028147d9e60fff5ef71d6edaa7a2e281b2a7299cdfff1135231d0f6058e3e7c30b77',1,2,NULL,'[\"*\"]',1,'2016-10-27 08:20:29','2016-10-27 08:20:29','2116-10-27 16:20:29'),('d1a722c5cd3f14c71e532791a8e45e7edc07a25eee848af45dc559e6aea34dbb5f18e474c82441e5',1,2,NULL,'[\"*\"]',1,'2017-02-21 09:00:26','2017-02-21 09:00:26','2018-02-21 17:00:26'),('d631e99435a7b7bd6ec4c60d54f2e237e6d54086a3689fc975bd21575e3764c264fc64ffb56b7cba',1,2,NULL,'[\"*\"]',1,'2017-02-24 08:47:18','2017-02-24 08:47:18','2018-02-24 16:47:18'),('e375f7af0570ac23833eeb549585723913d5f7656ddb52edaf9c6f58d7427eb9be966f5c5abf3401',1,2,NULL,'[\"*\"]',1,'2017-02-22 01:06:00','2017-02-22 01:06:00','2018-02-22 09:06:00'),('e70bc220111583cde8c38fd4a52846c20e4b833ff9b727e32e71c2167bcf0a25f71267158286031f',1,2,NULL,'[\"*\"]',1,'2017-02-21 08:55:17','2017-02-21 08:55:17','2018-02-21 16:55:17'),('e8e6c9297312648c69cec64be6d804c32b973df2b7ec21bf9cfce1d2e8fff15482ff56409fb7cd8f',1,2,NULL,'[\"*\"]',0,'2017-02-28 01:30:00','2017-02-28 01:30:00','2018-02-28 09:30:00'),('eb25747f371060332a6b9fb0dff82fa256529552971255af6c511ea89e4c0be466711c764883be1e',1,2,NULL,'[\"*\"]',1,'2017-02-21 08:14:49','2017-02-21 08:14:49','2018-02-21 16:14:49'),('ee9c50b91f8574dc5f8fb16047f910eb98c249f4ee7f9b1a4cb505d99e036ac874366b55516ad206',1,2,NULL,'[\"*\"]',1,'2017-02-21 09:59:44','2017-02-21 09:59:44','2018-02-21 17:59:44'),('f41b0f1b805f6e00d433037f38d0a978d36a2ee8e3acdbeb266674504c5f51f2d95450aaa526f8ea',28,2,NULL,'[\"*\"]',0,'2017-02-27 10:15:27','2017-02-27 10:15:27','2018-02-27 18:15:27'),('fb710c564ba55f5db583dbee578bc970ae3fe76478e31bf57f694fc999fb6f78edd9a13a2210cdb7',1,2,NULL,'[\"*\"]',1,'2016-10-27 08:09:39','2016-10-27 08:09:39','2116-10-27 16:09:39');
/*!40000 ALTER TABLE `mp_oauth_access_tokens` ENABLE KEYS */;
UNLOCK TABLES;

--
-- Table structure for table `mp_oauth_auth_codes`
--

DROP TABLE IF EXISTS `mp_oauth_auth_codes`;
/*!40101 SET @saved_cs_client     = @@character_set_client */;
/*!40101 SET character_set_client = utf8 */;
CREATE TABLE `mp_oauth_auth_codes` (
  `id` varchar(100) COLLATE utf8_unicode_ci NOT NULL,
  `user_id` int(11) NOT NULL,
  `client_id` int(11) NOT NULL,
  `scopes` text COLLATE utf8_unicode_ci,
  `revoked` tinyint(1) NOT NULL,
  `expires_at` datetime DEFAULT NULL,
  PRIMARY KEY (`id`)
) ENGINE=InnoDB DEFAULT CHARSET=utf8 COLLATE=utf8_unicode_ci;
/*!40101 SET character_set_client = @saved_cs_client */;

--
-- Dumping data for table `mp_oauth_auth_codes`
--

LOCK TABLES `mp_oauth_auth_codes` WRITE;
/*!40000 ALTER TABLE `mp_oauth_auth_codes` DISABLE KEYS */;
/*!40000 ALTER TABLE `mp_oauth_auth_codes` ENABLE KEYS */;
UNLOCK TABLES;

--
-- Table structure for table `mp_oauth_clients`
--

DROP TABLE IF EXISTS `mp_oauth_clients`;
/*!40101 SET @saved_cs_client     = @@character_set_client */;
/*!40101 SET character_set_client = utf8 */;
CREATE TABLE `mp_oauth_clients` (
  `id` int(10) unsigned NOT NULL AUTO_INCREMENT,
  `user_id` int(11) DEFAULT NULL,
  `name` varchar(255) COLLATE utf8_unicode_ci NOT NULL,
  `secret` varchar(100) COLLATE utf8_unicode_ci NOT NULL,
  `redirect` text COLLATE utf8_unicode_ci NOT NULL,
  `personal_access_client` tinyint(1) NOT NULL,
  `password_client` tinyint(1) NOT NULL,
  `revoked` tinyint(1) NOT NULL,
  `created_at` timestamp NULL DEFAULT NULL,
  `updated_at` timestamp NULL DEFAULT NULL,
  PRIMARY KEY (`id`),
  KEY `oauth_clients_user_id_index` (`user_id`)
) ENGINE=InnoDB AUTO_INCREMENT=35 DEFAULT CHARSET=utf8 COLLATE=utf8_unicode_ci;
/*!40101 SET character_set_client = @saved_cs_client */;

--
-- Dumping data for table `mp_oauth_clients`
--

LOCK TABLES `mp_oauth_clients` WRITE;
/*!40000 ALTER TABLE `mp_oauth_clients` DISABLE KEYS */;
INSERT INTO `mp_oauth_clients` VALUES (1,NULL,'My Application Personal Access Client','aQ27nGt0vSsvBhcLG2mjwY9tjOahaCPRNFOj97S6','http://localhost',1,0,0,'2016-10-07 17:29:41','2016-10-07 17:29:41'),(2,NULL,'My Application Password Grant Client','n5jDx5PYPWj9ylrbmVkCeajRnqezpqphrhZEJaQt','http://www.mindpalaces.com',0,1,0,'2016-10-07 17:29:41','2016-10-07 17:29:41'),(3,NULL,'My Application Personal Access Client','fjFpXIsDqj41osH5AZzHi6kIs8mmdoQE5N5KTqcU','http://localhost',1,0,0,'2016-10-08 18:00:34','2016-10-08 18:00:34'),(4,NULL,'My Application Password Grant Client','AxRpZm9jGOGpMvmTugeVNRchBRNPLXIueN8b5Phg','http://localhost',0,1,0,'2016-10-08 18:00:35','2016-10-08 18:00:35'),(5,NULL,'My Application Personal Access Client','0f6JWGJLil1DQUWGqtsi22EABPD7PAUxrRijT6IH','http://localhost',1,0,0,'2016-10-11 01:48:31','2016-10-11 01:48:31'),(6,NULL,'My Application Password Grant Client','b8cP4CX2cGSkiRh5vDZxBnOQAmG0Mcg4RbR5oNkH','http://localhost',0,1,0,'2016-10-11 01:48:35','2016-10-11 01:48:35'),(7,NULL,'My Application Personal Access Client','VpyWpB33qfPBpl1EjBiKpZrfospgtj5yyNLTWo92','http://localhost',1,0,0,'2017-02-08 05:52:18','2017-02-08 05:52:18'),(8,NULL,'My Application Password Grant Client','ow56bauVJQk8yv9bzS2f7A3LFdnWLbf6qH9Xq8Q4','http://localhost',0,1,0,'2017-02-08 05:52:18','2017-02-08 05:52:18'),(9,NULL,'My Application Personal Access Client','pbNA74mAFGdwG0Ksp968g4BjIesYx4ukmA3DyKup','http://localhost',1,0,0,'2017-02-09 09:40:22','2017-02-09 09:40:22'),(10,NULL,'My Application Password Grant Client','4VFKqPdHzOPkkRkhaBdYU8Vp9p4ORzkSLRZ4PbLE','http://localhost',0,1,0,'2017-02-09 09:40:22','2017-02-09 09:40:22'),(11,NULL,'My Application Personal Access Client','imE6GJzRJVcW3ZoIPISCHTF5nBP5Mfek9wRBmXyj','http://localhost',1,0,0,'2017-02-23 08:38:00','2017-02-23 08:38:00'),(12,NULL,'My Application Password Grant Client','DbRi47dtTMRFZa0tCTh8JqesbuciNXwVjKcbSPUE','http://localhost',0,1,0,'2017-02-23 08:38:00','2017-02-23 08:38:00'),(13,NULL,'My Application Personal Access Client','VfVyUfhWrTuFi4FCfQu4tXENXn759jpEKpsyEabK','http://localhost',1,0,0,'2017-02-23 08:57:11','2017-02-23 08:57:11'),(14,NULL,'My Application Password Grant Client','5CMWXFg6KSQvYodPbNW171kvMfbjtz0nIIBl1DtG','http://localhost',0,1,0,'2017-02-23 08:57:11','2017-02-23 08:57:11'),(15,NULL,'My Application Personal Access Client','9VD1Cp7uYnEvgs8znBji3s8KgpkUI6Y8hcujkjfL','http://localhost',1,0,0,'2017-02-23 08:58:34','2017-02-23 08:58:34'),(16,NULL,'My Application Password Grant Client','Hcx6uNPCI5UXzAZpZmdqVU9AQn82vOXmw3JsZC5h','http://localhost',0,1,0,'2017-02-23 08:58:34','2017-02-23 08:58:34'),(17,NULL,'My Application Personal Access Client','Ol31HDQpmddeEoOUoFWVykiX8SGJWieNtiGBA5S2','http://localhost',1,0,0,'2017-02-23 09:07:36','2017-02-23 09:07:36'),(18,NULL,'My Application Password Grant Client','ZY3HKzMjkwQftJk6W80qC9qdOgbhwJFVfVDA42ao','http://localhost',0,1,0,'2017-02-23 09:07:36','2017-02-23 09:07:36'),(19,NULL,'My Application Personal Access Client','v4i0BZwi8C3N2eStJhJKgeyHAGKRHaX9JyJn6LNr','http://localhost',1,0,0,'2017-02-23 09:12:10','2017-02-23 09:12:10'),(20,NULL,'My Application Password Grant Client','GawrK2IeiW0luTFXP5BW95HOuMl9yPyELzybvpaq','http://localhost',0,1,0,'2017-02-23 09:12:10','2017-02-23 09:12:10'),(21,NULL,'My Application Personal Access Client','LhyJ3xnuHVGBTvlRw0iG91FjH8jZVObMy3TThnKM','http://localhost',1,0,0,'2017-02-23 09:20:14','2017-02-23 09:20:14'),(22,NULL,'My Application Password Grant Client','ULgKFtvwpx2n0wZKagQDgFuTzMOgFL78zerKAbbz','http://localhost',0,1,0,'2017-02-23 09:20:14','2017-02-23 09:20:14'),(23,NULL,'My Application Personal Access Client','IYqY7fyr7gIjmZUqmc5U5r8iR98yrjd5iC7Fga7Y','http://localhost',1,0,0,'2017-02-23 09:20:49','2017-02-23 09:20:49'),(24,NULL,'My Application Password Grant Client','f7qErrszoccBVqT191ruLKMEtJTBizVk7wt533jw','http://localhost',0,1,0,'2017-02-23 09:20:49','2017-02-23 09:20:49'),(25,NULL,'My Application Personal Access Client','m6WtGcuwBi848ENPv7irks9qMctvn6cUSiQKgddM','http://localhost',1,0,0,'2017-02-23 09:23:07','2017-02-23 09:23:07'),(26,NULL,'My Application Password Grant Client','WP4yuBYPXSZxiy2dKwM1pdHgKJagzlxR5hgKIGhU','http://localhost',0,1,0,'2017-02-23 09:23:07','2017-02-23 09:23:07'),(27,NULL,'My Application Personal Access Client','BeM0RGiCwB0ofMQ0jcnCDrpbHPjfFGc0ub96lylv','http://localhost',1,0,0,'2017-02-23 09:38:20','2017-02-23 09:38:20'),(28,NULL,'My Application Password Grant Client','ZUe9tR8sItTbmTgaM4veBSgC9DTrzRTc8vuyS3CL','http://localhost',0,1,0,'2017-02-23 09:38:20','2017-02-23 09:38:20'),(29,NULL,'My Application Personal Access Client','YZjUCYiDFDenZqdHZcuKd0WL20aNOuWjA3OS2udz','http://localhost',1,0,0,'2017-02-23 09:59:14','2017-02-23 09:59:14'),(30,NULL,'My Application Password Grant Client','nb3UedstVqg79YgFCSs6nugx4QZerCfn53LU47Ol','http://localhost',0,1,0,'2017-02-23 09:59:14','2017-02-23 09:59:14'),(31,NULL,'My Application Personal Access Client','yjtqgMxdTatYQfyE9x3FCgX5UArhvoNWkD9J3t8I','http://localhost',1,0,0,'2017-02-23 10:11:40','2017-02-23 10:11:40'),(32,NULL,'My Application Password Grant Client','9TOD87oTotJ0U4bmKoWJxomnYwwnG4qLFgmgq6rG','http://localhost',0,1,0,'2017-02-23 10:11:40','2017-02-23 10:11:40'),(33,NULL,'My Application Personal Access Client','QbwfOH00F6old21QTYsRtBoWCOkyJmIZZuppcoTd','http://localhost',1,0,0,'2017-02-23 10:12:46','2017-02-23 10:12:46'),(34,NULL,'My Application Password Grant Client','vbkcrmEzc0m0NoppeYcrw1Qh7THJgYxHJO5ywPFk','http://localhost',0,1,0,'2017-02-23 10:12:46','2017-02-23 10:12:46');
/*!40000 ALTER TABLE `mp_oauth_clients` ENABLE KEYS */;
UNLOCK TABLES;

--
-- Table structure for table `mp_oauth_personal_access_clients`
--

DROP TABLE IF EXISTS `mp_oauth_personal_access_clients`;
/*!40101 SET @saved_cs_client     = @@character_set_client */;
/*!40101 SET character_set_client = utf8 */;
CREATE TABLE `mp_oauth_personal_access_clients` (
  `id` int(10) unsigned NOT NULL AUTO_INCREMENT,
  `client_id` int(11) NOT NULL,
  `created_at` timestamp NULL DEFAULT NULL,
  `updated_at` timestamp NULL DEFAULT NULL,
  PRIMARY KEY (`id`),
  KEY `oauth_personal_access_clients_client_id_index` (`client_id`)
) ENGINE=InnoDB AUTO_INCREMENT=18 DEFAULT CHARSET=utf8 COLLATE=utf8_unicode_ci;
/*!40101 SET character_set_client = @saved_cs_client */;

--
-- Dumping data for table `mp_oauth_personal_access_clients`
--

LOCK TABLES `mp_oauth_personal_access_clients` WRITE;
/*!40000 ALTER TABLE `mp_oauth_personal_access_clients` DISABLE KEYS */;
INSERT INTO `mp_oauth_personal_access_clients` VALUES (1,1,'2016-10-07 17:29:41','2016-10-07 17:29:41'),(2,3,'2016-10-08 18:00:35','2016-10-08 18:00:35'),(3,5,'2016-10-11 01:48:34','2016-10-11 01:48:34'),(4,7,'2017-02-08 05:52:18','2017-02-08 05:52:18'),(5,9,'2017-02-09 09:40:22','2017-02-09 09:40:22'),(6,11,'2017-02-23 08:38:00','2017-02-23 08:38:00'),(7,13,'2017-02-23 08:57:11','2017-02-23 08:57:11'),(8,15,'2017-02-23 08:58:34','2017-02-23 08:58:34'),(9,17,'2017-02-23 09:07:36','2017-02-23 09:07:36'),(10,19,'2017-02-23 09:12:10','2017-02-23 09:12:10'),(11,21,'2017-02-23 09:20:14','2017-02-23 09:20:14'),(12,23,'2017-02-23 09:20:49','2017-02-23 09:20:49'),(13,25,'2017-02-23 09:23:07','2017-02-23 09:23:07'),(14,27,'2017-02-23 09:38:20','2017-02-23 09:38:20'),(15,29,'2017-02-23 09:59:14','2017-02-23 09:59:14'),(16,31,'2017-02-23 10:11:40','2017-02-23 10:11:40'),(17,33,'2017-02-23 10:12:46','2017-02-23 10:12:46');
/*!40000 ALTER TABLE `mp_oauth_personal_access_clients` ENABLE KEYS */;
UNLOCK TABLES;

--
-- Table structure for table `mp_oauth_refresh_tokens`
--

DROP TABLE IF EXISTS `mp_oauth_refresh_tokens`;
/*!40101 SET @saved_cs_client     = @@character_set_client */;
/*!40101 SET character_set_client = utf8 */;
CREATE TABLE `mp_oauth_refresh_tokens` (
  `id` varchar(100) COLLATE utf8_unicode_ci NOT NULL,
  `access_token_id` varchar(100) COLLATE utf8_unicode_ci NOT NULL,
  `revoked` tinyint(1) NOT NULL,
  `expires_at` datetime DEFAULT NULL,
  PRIMARY KEY (`id`),
  KEY `oauth_refresh_tokens_access_token_id_index` (`access_token_id`)
) ENGINE=InnoDB DEFAULT CHARSET=utf8 COLLATE=utf8_unicode_ci;
/*!40101 SET character_set_client = @saved_cs_client */;

--
-- Dumping data for table `mp_oauth_refresh_tokens`
--

LOCK TABLES `mp_oauth_refresh_tokens` WRITE;
/*!40000 ALTER TABLE `mp_oauth_refresh_tokens` DISABLE KEYS */;
INSERT INTO `mp_oauth_refresh_tokens` VALUES ('0b82c9721bdccb88357d968dda8cc171b493e48c5114bb730f5a3a3a7c73fc7b53c2686509f6e8b3','68e74593fef5d6f5af4b539220f9dec53cd51dd94692e04629640ae85e73cb7292d83afe1e14569e',1,'2116-10-27 16:43:35'),('0bed5b19adb2fdc7936ff3121b8ccd0e1ebea2f8262ed15b78928d2a925880926f8fef8fd5dd4b86','27c44a017740ef3ff3c48d7bd59d87d36d590eedbb4a67a4cb974f25f2179ced5f36433027342677',1,'2018-02-27 10:27:03'),('0f3a3412dd2c3286223990559a6a61c05679677882da8c483cda18cf181ad85796bbe7dc59ecd2c8','e70bc220111583cde8c38fd4a52846c20e4b833ff9b727e32e71c2167bcf0a25f71267158286031f',1,'2018-02-21 16:55:17'),('2164d243e3b5c0faff7941b6b09bf671cc0bccf9a602bd9b9568c2e8f781f7068df05851ef2caeff','c8093d608ee68888c66f160ff9425c4cc30226cc53a6634cd3e2b9f52466a88778a9d95ac5eb77b2',1,'2018-02-23 15:23:07'),('2864886c052d20aff3f0f566bfc4eb7b18aba521a0cd73c085cf21676855184e97571891b5a48008','18a8593c41a4bcd9ea88f969644d726e8427672514cf4f5c748a94702c25b8a00e25b8d3d7e48268',1,'2018-02-23 13:53:36'),('2eea02c3029a18e114acbb9afacab5a781437a015348feaf5e4a0328253a491474578c8480f0a21c','f41b0f1b805f6e00d433037f38d0a978d36a2ee8e3acdbeb266674504c5f51f2d95450aaa526f8ea',1,'2018-02-27 18:15:27'),('3785dd318fff0d3e55991adb25a2b753f58261b161f2726df01723fb5304f911f551a27b28c09722','71a22f5a17e6de82c91e70ad86bff1caafea044f53a25a63b8a6e7ed2f0b73ca25982ca8dd1e2928',1,'2018-02-22 17:56:51'),('3995bbc18c9cddb8e27fa3a57e0301def677cb2f0b75ba806354ee3cd1c24541f77779544d0f9928','d1a722c5cd3f14c71e532791a8e45e7edc07a25eee848af45dc559e6aea34dbb5f18e474c82441e5',1,'2018-02-21 17:00:26'),('3b7dee85d7f55530c94d41deb33e8e6e26124e3247ca36b1429b8aa889174d55aac0c6b01d617c59','48e17fbace9f6c72623e10dc614ca9f2a897983f877923b2502d3f0d7a949e160de89a432dbab500',1,'2116-10-27 16:42:36'),('3de1bd09644e2a916831321ae43f4a8a431fc05f02bfd7e9ad1cbbb673747b5d58bda6b1daa118f4','66407619d098deabf34eaca6c218572d2d723f0db05940ac8d8d483b6964b199538eb53aacd18141',1,'2018-02-27 18:21:09'),('3fbd27861109c24430898e6e30cbb37b29864993f6feb59511273e450e365d40c50ceb0de844be06','6809e849944224bbe15cce733656163ad5c572e4d042f66fd427d0f8b1cb7ea4ae2d51e8623b11af',1,'2018-02-13 09:44:39'),('4c16822e77ccd30866ce667dc5fb20d127fa863df561abaa73fc733339551ecb38788731c159185b','5135c7e5422351900365e8c4c28b0f31c90d8f6d17017e766bfee513302e52345b0a78ff01344cfc',1,'2018-02-27 17:57:22'),('4c7d9fab97d271d371bebb863922ad15bc92d7158b4735c711ebc8e4b24fb92d632833f0610edee2','ee9c50b91f8574dc5f8fb16047f910eb98c249f4ee7f9b1a4cb505d99e036ac874366b55516ad206',1,'2018-02-21 17:59:44'),('4db4081aacf721749559c5769a3b2abedfa0844468b0d3523240e8435146e1ece250af2b314f9d1b','e8e6c9297312648c69cec64be6d804c32b973df2b7ec21bf9cfce1d2e8fff15482ff56409fb7cd8f',0,'2018-02-28 09:30:00'),('4ee5c2a3e4820461b3368672c9c819a87bba0043f57ac997788687e541a962d6975cd8e4ee4231d5','10e2b33101bad60b59abc314d3dbd4a5190584ecf05d186d3ca461138d1eb3859fa9605b342d5ce9',1,'2018-02-21 18:06:36'),('5373576aa4b5974b24279307ad753ec390ebcecbb7552a336e548a98ac1db92914e91584116c908e','9fec8cddc72f448feb4ed15522993379441cf8a8c009b83793466bcd69f2e0d10979a7a9b3a710ac',1,'2018-02-13 09:45:10'),('5cddcacf17c7e5cc750b9859909638aebc0810c868009a364cf348a674e242941e97eff5af9ff488','543088d773ac0a59c8f136ecf6a3e407c1e168feff5dc8b604dbd65da3007fe1eb089b6a705f266a',1,'2018-02-27 18:20:10'),('66728b3fec474a6cd3c7987225d0775d51779f44dd08e5432c5d740f486e2dd695c9f197cc7e8d93','9b1088a5d2d8afae32697057701fbe90328c3f760c4ecafd00fadffb98d0016b0e9fd65d128785db',1,'2018-02-27 18:18:38'),('73bcb1a378e9f5af60e9b77e628794b94c85f05cb6fb4a39586d5f553afd3338f7238cb723df7f1a','4bb76c9028e7ff4678d885c8f387c4a9b5d31acf7bdf5b7a9af75eeb9cd373e82153cc16eb556464',1,'2018-02-21 15:49:35'),('7b106cded20002a1a1122f6dd44601d88cb08676e68f7bb5e68aec80f79c016d262b161ceb31b62e','9695eb2604d182c2471e2fc6630d1951c6dccd44aee50f19786deab19a2e1e06654a062973eaf370',1,'2018-02-23 11:45:01'),('7c3f20f43d67ce8af6b030d170a33a685317d28ef16be6405c06d357fcd6526119cde399ce49d2b3','80f1a14d82360a3c45eb4b5698138b8983b5362bbcd270e10376ab6cb9b2a2977866f1f2fbda1a73',1,'2018-02-13 09:47:00'),('81de374c6a44459b6f2f45e73a2b75d7f5deff7a1f3854b8925e2859ac38a42961ca785834aa0b32','e375f7af0570ac23833eeb549585723913d5f7656ddb52edaf9c6f58d7427eb9be966f5c5abf3401',1,'2018-02-22 09:06:00'),('8ba6ae057ba9e53e815391799a6944161c02bf6d2825a89c8beb8ac45b9d64278eb19f133f492472','a86537f891a5960556f4637cb2126a0313a73d9696147c09b031213e63503a96d1be25838c117c1b',1,'2018-02-08 13:52:54'),('8dbd2cc953eb74ce1dc9051c01e9790f0885e3cf825dc72da37067430f9f6e5abe61ce4759b328d9','98a89fe0b02548e43fc4c43152e61a700fdd0f47a3f9825041e20fffadf590d42196b4e0872d6987',1,'2018-02-23 09:05:56'),('91ac4c4d0bd677b45d01709a4e0c1cf47e328c23dac17709a128b50debfc0444f85aa7298d27a326','6c04834ced218faadaea3e6db20a03b9854fe5aec016c4752343736f00c3fc0e12aa7801d75904c3',1,'2018-02-21 16:57:10'),('996c19844301772cecba86f8a7fdfc19219ee787fcea6b390594fc62207d85243db7075d92688c0a','873cdc3c4e8f5b6270a8b9ba2c8f71614862cc798a68429423a53438af4da9765f62522ee8dcf535',1,'2018-02-13 09:44:11'),('af6117176de1c7200cff59026d0db3701f46e9609b55c8b0114cad6297b5deeb7bdc1c547d09f255','eb25747f371060332a6b9fb0dff82fa256529552971255af6c511ea89e4c0be466711c764883be1e',1,'2018-02-21 16:14:49'),('b39cfcdf1bfade8f22da9ad71af784735b24db19c5d99fc2f1217ec75507b335d4a3575d1a433a91','ab10a2cda67d371c307a5f8883ad76b18d775862258223040ceb2f773aa5192bd8efbac801944b69',1,'2018-02-23 13:52:41'),('b4f397c30c4dd05d7caf0c7670fa6144cad3bf4b977908402d98cb2cc3e6d874e5d2b3d1a096f07b','273d4637d47a425e82682d8183b9c858e0254e127dfc5625b6e99521b8fe84d212d150917c5fa165',1,'2116-10-27 15:42:16'),('b59f9f6994c9e7eb0974b9e4f9eea0f3f3f55184f0a4089ecae56020f0410f35f7eaea5d3a8ad5e9','cfa911493b2d6c0391ca9a09aa17b83717288f98dffb5e2fddc4499eb81d213cdfcbef55fd16c514',1,'2116-11-08 14:23:01'),('c99965d0a6c91984e7440dc131a851cd32457531df1b4ac7b0375e032a02946e2542d20250bb6e57','d0ed085c42fa028147d9e60fff5ef71d6edaa7a2e281b2a7299cdfff1135231d0f6058e3e7c30b77',1,'2116-10-27 16:20:29'),('d5126a4f0aaaf333642477f046aeb4ebfc7429fa071872aceb9b0d88d799c7082eb4eedc61c5679b','907c22352ac3a837a8be10839bab3d2d303bb86fcabb45e92672d6a7b738cd171d1d5a50b270c68d',1,'2018-02-24 16:46:37'),('d6ba918decfb927aae58e08c5b6fc0573a9a9e6220c04a14d4147be147df34555d0800244b3a8940','8d15adda26c4a5f7b296ad85f6d734db8040f5be6a40f3aa46fcf67f35bb55c7dd98b89234f7bb49',1,'2018-02-21 17:59:36'),('d924484cc633aaa27e1a363aa8cf771cf350c68e9b3b5389db5cc1899ae07b52ac801409c14c9bee','6d9c2c198ccab513a30acf04963d0bf70043e6767522c5f68069657a878d90a771f06d81d4303b24',1,'2116-10-27 16:41:43'),('da8ee762e4be9f3a1e4ccc337fc39be480d8295ad9f33ba84305e08a615363d443ab352f6a06d98c','459908c73ca699fbc61689f2525f243543b2c2eeab1c5815265afbeb264f872b84b1ddef13eb8735',1,'2018-02-10 10:04:51'),('e9c0dc7894755965e3c8aea58211b92fa55184530d0efd988851bda66634215c78bcc9eb615c44d8','d631e99435a7b7bd6ec4c60d54f2e237e6d54086a3689fc975bd21575e3764c264fc64ffb56b7cba',1,'2018-02-24 16:47:18'),('ece192f140c5eb44990874252ee0102379526ebe83a3a9ca51f15a46449a048c2f3ed2a56c7390c9','9364c6923f39cdfe9fecdfede13635008a3002249787535adc2e980f43881b434bef30df9dd0e95f',1,'2018-02-27 18:12:21'),('f01fc7c7dfa4dd7665c1971b6da0d951856ec9dd472b2f952400a6cd483a66078f9f0a77ba69aecb','fb710c564ba55f5db583dbee578bc970ae3fe76478e31bf57f694fc999fb6f78edd9a13a2210cdb7',1,'2116-10-27 16:09:39'),('f3b6c3212f8a17ce5d1ebd5e9920e89b0396c3d5c2bcedcd580917aeaa27418f012f268b3094e7eb','31e71a63a5c4f53e7af8cde640c2c12a3a086738a1f6bcb25080e55f764f79bc65a92186d5c0cd62',1,'2018-02-24 16:48:06'),('f5dcaf488cdabab29ef120a745039ec01bf04bec407e08aa304f37fcdbbce73931b78abac58ff004','2c7cede3a91bb6ab20cf0c29d740713c268ccadbd3351adf1a8bc2edbf127e31ed7ea853058bf39f',1,'2116-10-27 16:19:58');
/*!40000 ALTER TABLE `mp_oauth_refresh_tokens` ENABLE KEYS */;
UNLOCK TABLES;

--
-- Table structure for table `mp_password_resets`
--

DROP TABLE IF EXISTS `mp_password_resets`;
/*!40101 SET @saved_cs_client     = @@character_set_client */;
/*!40101 SET character_set_client = utf8 */;
CREATE TABLE `mp_password_resets` (
  `email` varchar(255) COLLATE utf8_unicode_ci NOT NULL,
  `token` varchar(255) COLLATE utf8_unicode_ci NOT NULL,
  `created_at` timestamp NOT NULL DEFAULT '0000-00-00 00:00:00',
  KEY `password_resets_email_index` (`email`),
  KEY `password_resets_token_index` (`token`)
) ENGINE=InnoDB DEFAULT CHARSET=utf8 COLLATE=utf8_unicode_ci;
/*!40101 SET character_set_client = @saved_cs_client */;

--
-- Dumping data for table `mp_password_resets`
--

LOCK TABLES `mp_password_resets` WRITE;
/*!40000 ALTER TABLE `mp_password_resets` DISABLE KEYS */;
/*!40000 ALTER TABLE `mp_password_resets` ENABLE KEYS */;
UNLOCK TABLES;

--
-- Table structure for table `mp_profile`
--

DROP TABLE IF EXISTS `mp_profile`;
/*!40101 SET @saved_cs_client     = @@character_set_client */;
/*!40101 SET character_set_client = utf8 */;
CREATE TABLE `mp_profile` (
  `profile_id` int(10) unsigned NOT NULL AUTO_INCREMENT COMMENT '用户详情ID',
  `name` varchar(45) NOT NULL,
  `user_id` int(10) unsigned NOT NULL COMMENT '用户ID',
  `portrait` varchar(255) NOT NULL DEFAULT '1.jpg' COMMENT '头像',
  `theme_id` smallint(5) unsigned NOT NULL DEFAULT '1' COMMENT '主题ID',
  `language` char(2) NOT NULL DEFAULT 'en' COMMENT '用户语言',
  `created_at` timestamp NOT NULL DEFAULT CURRENT_TIMESTAMP COMMENT '创建时间',
  `updated_at` timestamp NOT NULL DEFAULT CURRENT_TIMESTAMP ON UPDATE CURRENT_TIMESTAMP COMMENT '修改时间',
  PRIMARY KEY (`profile_id`),
  UNIQUE KEY `user_id` (`user_id`),
  KEY `theme_id` (`theme_id`)
) ENGINE=InnoDB AUTO_INCREMENT=13 DEFAULT CHARSET=latin1;
/*!40101 SET character_set_client = @saved_cs_client */;

--
-- Dumping data for table `mp_profile`
--

LOCK TABLES `mp_profile` WRITE;
/*!40000 ALTER TABLE `mp_profile` DISABLE KEYS */;
INSERT INTO `mp_profile` VALUES (1,'harimo',1,'http://api.mindpalaces.com//portrait/1.jpg',2,'en','2016-07-08 21:33:03','2017-02-22 09:57:01'),(2,'dasd',2,'2.png',2,'','2016-07-08 21:33:03','2017-02-27 05:50:40'),(3,'dddasd',3,'1.png',2,'','2016-07-14 00:53:27','2017-02-27 05:50:40'),(4,'wedad',4,'1.png',2,'','2016-07-14 00:55:17','2017-02-27 05:50:40'),(6,'dasdads',25,'1.jpg',1,'en','2017-02-27 09:55:48','2017-02-27 09:55:48'),(7,'dasdads',26,'1.jpg',1,'en','2017-02-27 09:57:21','2017-02-27 09:57:21'),(8,'dddd',27,'1.jpg',1,'en','2017-02-27 10:12:20','2017-02-27 10:12:20'),(9,'dddd',28,'1.jpg',1,'en','2017-02-27 10:15:27','2017-02-27 10:15:27'),(10,'dasdasd',29,'1.jpg',1,'en','2017-02-27 10:18:38','2017-02-27 10:18:38'),(11,'aaa',30,'1.jpg',1,'en','2017-02-27 10:20:10','2017-02-27 10:20:10'),(12,'bbb',31,'http://api.mindpalaces.com//portrait/31.jpg',1,'en','2017-02-27 10:21:09','2017-02-27 10:23:40');
/*!40000 ALTER TABLE `mp_profile` ENABLE KEYS */;
UNLOCK TABLES;

--
-- Table structure for table `mp_space`
--

DROP TABLE IF EXISTS `mp_space`;
/*!40101 SET @saved_cs_client     = @@character_set_client */;
/*!40101 SET character_set_client = utf8 */;
CREATE TABLE `mp_space` (
  `space_id` int(10) unsigned NOT NULL AUTO_INCREMENT COMMENT '空间ID',
  `user_id` int(10) unsigned NOT NULL,
  `sort` int(10) unsigned NOT NULL DEFAULT '0',
  `name` varchar(255) NOT NULL COMMENT '空间名称',
  `share` tinyint(1) unsigned NOT NULL DEFAULT '1',
  `updated_at` timestamp NOT NULL DEFAULT CURRENT_TIMESTAMP ON UPDATE CURRENT_TIMESTAMP,
  `created_at` timestamp NULL DEFAULT NULL,
  PRIMARY KEY (`space_id`)
) ENGINE=InnoDB AUTO_INCREMENT=21 DEFAULT CHARSET=latin1;
/*!40101 SET character_set_client = @saved_cs_client */;

--
-- Dumping data for table `mp_space`
--

LOCK TABLES `mp_space` WRITE;
/*!40000 ALTER TABLE `mp_space` DISABLE KEYS */;
INSERT INTO `mp_space` VALUES (1,1,0,'PHP5',0,'2016-10-27 10:19:56','2016-08-06 09:04:33'),(2,1,0,'Javascript',0,'2016-08-07 04:12:50','2016-08-07 04:12:50'),(3,1,0,'CSS',0,'2016-08-07 04:12:50','2016-08-07 04:12:50'),(4,1,0,'HTML',0,'2016-08-07 04:12:50','2016-08-07 04:12:50'),(5,1,0,'Mes',1,'2016-08-23 06:41:15','2016-08-07 04:12:50'),(6,1,0,'MySQL',0,'2016-08-07 04:12:50','2016-08-07 04:12:50'),(7,1,0,'Japa',1,'2016-08-23 06:41:15','2016-08-08 14:55:20'),(8,1,0,'yg',0,'2016-08-23 06:41:15',NULL),(9,1,0,'fggdfgdfg',1,'2017-02-10 05:52:27','2017-02-10 05:52:27'),(10,1,0,'fdsdf',1,'2017-02-10 05:54:58','2017-02-10 05:54:58'),(11,1,0,'fsdfsdf',1,'2017-02-10 05:55:00','2017-02-10 05:55:00'),(12,1,0,'sdffff',1,'2017-02-10 05:55:01','2017-02-10 05:55:01'),(13,1,0,'rwrer',1,'2017-02-10 05:55:03','2017-02-10 05:55:03'),(14,1,0,'sdfsdf',1,'2017-02-10 05:55:04','2017-02-10 05:55:04'),(15,1,0,'erwer',1,'2017-02-10 05:55:05','2017-02-10 05:55:05'),(16,1,0,'fsdfsdfwer',1,'2017-02-10 05:55:06','2017-02-10 05:55:06'),(17,1,0,'fsdfsdfwer',1,'2017-02-10 05:55:08','2017-02-10 05:55:08'),(18,1,0,'fsdfsdf',1,'2017-02-10 05:55:09','2017-02-10 05:55:09'),(19,1,0,'werwerfsdf',1,'2017-02-10 05:55:10','2017-02-10 05:55:10'),(20,1,0,'ttttt',1,'2017-02-23 07:23:40','2017-02-23 07:23:40');
/*!40000 ALTER TABLE `mp_space` ENABLE KEYS */;
UNLOCK TABLES;

--
-- Table structure for table `mp_space_ctg`
--

DROP TABLE IF EXISTS `mp_space_ctg`;
/*!40101 SET @saved_cs_client     = @@character_set_client */;
/*!40101 SET character_set_client = utf8 */;
CREATE TABLE `mp_space_ctg` (
  `ctg_id` int(10) unsigned NOT NULL COMMENT '分类ID',
  `space_id` int(10) unsigned NOT NULL COMMENT '空间ID',
  `pid` int(10) unsigned NOT NULL DEFAULT '0' COMMENT '父分类ID',
  `tier` smallint(5) unsigned NOT NULL DEFAULT '0' COMMENT '层序号',
  `sort` int(10) unsigned NOT NULL DEFAULT '0' COMMENT '排序',
  `path` varchar(255) NOT NULL COMMENT '分类的族谱',
  PRIMARY KEY (`ctg_id`,`space_id`)
) ENGINE=InnoDB DEFAULT CHARSET=utf8;
/*!40101 SET character_set_client = @saved_cs_client */;

--
-- Dumping data for table `mp_space_ctg`
--

LOCK TABLES `mp_space_ctg` WRITE;
/*!40000 ALTER TABLE `mp_space_ctg` DISABLE KEYS */;
INSERT INTO `mp_space_ctg` VALUES (1,1,0,0,0,'-0-'),(2,1,1,1,0,'-0-1-'),(3,2,0,0,0,'-0-'),(4,2,3,1,0,'-0-3-'),(5,1,1,1,0,'-0-1-'),(6,1,5,2,0,'-0-1-5-'),(7,1,1,1,0,'-0-1-'),(8,3,0,0,0,'-0-'),(9,3,8,1,0,'-0-8-'),(10,3,16,3,0,'-0-8-9-16-'),(11,3,8,1,0,'-0-8-'),(12,5,34,2,0,'-0-32-34-'),(13,5,12,3,0,'-0-32-34-12-'),(14,5,12,3,0,'-0-32-34-12-'),(15,3,9,2,0,'-0-8-9-'),(16,3,9,2,0,'-0-8-9-'),(17,2,3,1,0,'-0-3-'),(18,2,3,1,0,'-0-3-'),(19,2,18,2,0,'-0-3-18-'),(20,2,19,3,0,'-0-3-18-19-'),(21,2,3,1,0,'-0-3-'),(22,3,16,3,0,'-0-8-9-16-'),(23,2,4,2,0,'-0-3-4-'),(24,2,4,2,0,'-0-3-4-'),(25,2,4,2,0,'-0-3-4-'),(26,2,3,1,0,'-0-3-'),(27,2,26,2,0,'-0-3-26-'),(29,4,0,0,0,'-0-'),(30,4,29,1,0,'-0-29-'),(32,5,0,0,0,'-0-'),(34,5,32,1,0,'-0-32-'),(35,5,115,2,0,'-0-32-115-'),(36,5,35,3,0,'-0-32-115-35-'),(37,2,3,1,0,'-0-3-'),(38,2,37,2,0,'-0-3-37-'),(39,2,38,3,0,'-0-3-37-38-'),(40,4,30,2,0,'-0-29-30-'),(41,4,30,2,0,'-0-29-30-'),(42,4,30,2,0,'-0-29-30-'),(43,4,30,2,0,'-0-29-30-'),(44,1,5,2,0,'-0-1-5-'),(45,1,5,2,0,'-0-1-5-'),(46,1,5,2,0,'-0-1-5-'),(47,6,0,0,0,'-0-'),(48,6,47,1,0,'-0-47-'),(49,1,1,1,0,'-0-1-'),(50,1,51,3,0,'-0-1-49-51-'),(51,1,49,2,0,'-0-1-49-'),(52,1,50,4,0,'-0-1-49-51-50-'),(53,1,1,1,0,'-0-1-'),(54,1,53,2,0,'-0-1-53-'),(55,1,2,2,0,'-0-1-2-'),(56,1,55,3,0,'-0-1-2-55-'),(57,1,5,2,0,'-0-1-5-'),(58,1,57,3,0,'-0-1-5-57-'),(59,1,51,3,0,'-0-1-49-51-'),(60,1,59,4,0,'-0-1-49-51-59-'),(61,1,60,5,0,'-0-1-49-51-59-60-'),(62,1,7,2,0,'-0-1-7-'),(63,1,62,3,0,'-0-1-7-62-'),(64,1,62,3,0,'-0-1-7-62-'),(65,1,62,3,0,'-0-1-7-62-'),(66,1,62,3,0,'-0-1-7-62-'),(67,1,62,3,0,'-0-1-7-62-'),(68,1,62,3,0,'-0-1-7-62-'),(69,1,62,3,0,'-0-1-7-62-'),(70,1,62,3,0,'-0-1-7-62-'),(71,1,62,3,0,'-0-1-7-62-'),(72,1,62,3,0,'-0-1-7-62-'),(73,1,62,3,0,'-0-1-7-62-'),(74,1,62,3,0,'-0-1-7-62-'),(75,1,62,3,0,'-0-1-7-62-'),(76,1,62,3,0,'-0-1-7-62-'),(77,1,62,3,0,'-0-1-7-62-'),(78,5,32,1,0,'-0-32-'),(79,1,59,4,0,'-0-1-49-51-59-'),(80,6,47,1,0,'-0-47-'),(81,1,2,2,0,'-0-1-2-'),(82,2,3,1,0,'-0-3-'),(83,2,82,2,0,'-0-3-82-'),(84,1,1,1,0,'-0-1-'),(86,4,29,1,0,'-0-29-'),(87,2,3,1,0,'-0-3-'),(88,2,87,2,0,'-0-3-87-'),(89,1,50,4,0,'-0-1-49-51-50-'),(90,1,2,2,0,'-0-1-2-'),(91,1,51,3,0,'-0-1-49-51-'),(92,1,91,4,0,'-0-1-49-51-91-'),(93,6,47,1,0,'-0-47-'),(94,1,51,3,0,'-0-1-49-51-'),(95,1,1,1,0,'-0-1-'),(96,1,95,2,0,'-0-1-95-'),(97,6,47,1,0,'-0-47-'),(98,6,47,1,0,'-0-47-'),(99,5,78,2,0,'-0-32-78-'),(100,5,99,3,0,'-0-32-78-99-'),(101,5,78,2,0,'-0-32-78-'),(102,5,78,2,0,'-0-32-78-'),(103,5,102,3,0,'-0-32-78-102-'),(104,5,103,4,0,'-0-32-78-102-103-'),(105,5,104,5,0,'-0-32-78-102-103-104-'),(106,5,35,3,0,'-0-32-115-35-'),(107,5,35,3,0,'-0-32-115-35-'),(108,2,82,2,0,'-0-3-82-'),(109,2,108,3,0,'-0-3-82-108-'),(110,2,108,3,0,'-0-3-82-108-'),(111,2,109,4,0,'-0-3-82-108-109-'),(112,5,114,6,0,'-0-32-78-101-180-113-114-'),(113,5,180,4,0,'-0-32-78-101-180-'),(114,5,113,5,0,'-0-32-78-101-180-113-'),(115,5,32,1,0,'-0-32-'),(116,7,35,0,0,'-0-'),(117,7,116,1,0,'-0-116-'),(118,7,117,2,1,'-0-116-117-'),(119,7,117,2,2,'-0-116-117-'),(120,7,117,2,3,'-0-116-117-'),(121,7,117,2,4,'-0-116-117-'),(122,7,117,2,5,'-0-116-117-'),(123,7,0,0,0,'-0-'),(124,7,116,1,0,'-0-116-'),(125,7,0,0,0,'-0-'),(126,7,117,2,6,'-0-116-117-'),(127,7,117,2,7,'-0-116-117-'),(128,7,117,2,8,'-0-116-117-'),(129,7,117,2,9,'-0-116-117-'),(130,7,117,2,10,'-0-116-117-'),(131,7,117,2,11,'-0-116-117-'),(132,7,117,2,12,'-0-116-117-'),(133,7,117,2,13,'-0-116-117-'),(134,7,117,2,14,'-0-116-117-'),(135,7,117,2,15,'-0-116-117-'),(136,7,117,2,16,'-0-116-117-'),(137,7,117,2,17,'-0-116-117-'),(138,7,117,2,18,'-0-116-117-'),(139,7,117,2,19,'-0-116-117-'),(140,7,117,2,20,'-0-116-117-'),(141,7,117,2,21,'-0-116-117-'),(142,7,117,2,22,'-0-116-117-'),(143,7,117,2,23,'-0-116-117-'),(144,7,117,2,24,'-0-116-117-'),(145,7,117,2,25,'-0-116-117-'),(146,7,117,2,26,'-0-116-117-'),(147,7,117,2,27,'-0-116-117-'),(148,7,117,2,28,'-0-116-117-'),(149,7,117,2,29,'-0-116-117-'),(150,7,117,2,30,'-0-116-117-'),(151,7,117,2,31,'-0-116-117-'),(152,7,117,2,32,'-0-116-117-'),(153,7,117,2,33,'-0-116-117-'),(154,7,117,2,34,'-0-116-117-'),(155,7,117,2,35,'-0-116-117-'),(156,7,117,2,36,'-0-116-117-'),(157,7,117,2,37,'-0-116-117-'),(158,7,117,2,38,'-0-116-117-'),(159,7,117,2,39,'-0-116-117-'),(160,7,117,2,40,'-0-116-117-'),(161,7,117,2,41,'-0-116-117-'),(162,7,117,2,42,'-0-116-117-'),(163,7,117,2,43,'-0-116-117-'),(164,7,117,2,44,'-0-116-117-'),(165,7,117,2,45,'-0-116-117-'),(166,7,0,0,0,'-0-'),(167,8,0,0,0,'-0-'),(168,8,116,1,0,'-0-116-'),(169,8,116,1,0,'-0-116-'),(170,8,116,1,0,'-0-116-'),(171,5,115,2,0,'-0-32-115-'),(172,5,115,2,0,'-0-32-115-'),(173,5,115,2,0,'-0-32-115-'),(174,5,101,3,0,'-0-32-78-101-'),(175,5,101,3,0,'-0-32-78-101-'),(176,5,101,3,0,'-0-32-78-101-'),(177,5,101,3,0,'-0-32-78-101-'),(178,5,101,3,0,'-0-32-78-101-'),(179,5,101,3,0,'-0-32-78-101-'),(180,5,101,3,0,'-0-32-78-101-'),(193,1,56,4,0,'-0-1-2-55-56-'),(194,1,61,6,0,'-0-1-49-51-59-60-61-'),(195,1,61,6,0,'-0-1-49-51-59-60-61-'),(196,1,61,6,0,'-0-1-49-51-59-60-61-'),(197,1,46,3,0,'-0-1-5-46-'),(198,1,193,5,0,'-0-1-2-55-56-193-'),(199,1,193,5,0,'-0-1-2-55-56-193-'),(200,1,193,5,0,'-0-1-2-55-56-193-'),(201,1,193,5,0,'-0-1-2-55-56-193-');
/*!40000 ALTER TABLE `mp_space_ctg` ENABLE KEYS */;
UNLOCK TABLES;

--
-- Table structure for table `mp_tag`
--

DROP TABLE IF EXISTS `mp_tag`;
/*!40101 SET @saved_cs_client     = @@character_set_client */;
/*!40101 SET character_set_client = utf8 */;
CREATE TABLE `mp_tag` (
  `tag_id` smallint(5) unsigned NOT NULL AUTO_INCREMENT COMMENT '标签ID',
  `name` varchar(255) NOT NULL COMMENT '标签名称',
  PRIMARY KEY (`tag_id`)
) ENGINE=InnoDB DEFAULT CHARSET=latin1;
/*!40101 SET character_set_client = @saved_cs_client */;

--
-- Dumping data for table `mp_tag`
--

LOCK TABLES `mp_tag` WRITE;
/*!40000 ALTER TABLE `mp_tag` DISABLE KEYS */;
/*!40000 ALTER TABLE `mp_tag` ENABLE KEYS */;
UNLOCK TABLES;

--
-- Table structure for table `mp_tags`
--

DROP TABLE IF EXISTS `mp_tags`;
/*!40101 SET @saved_cs_client     = @@character_set_client */;
/*!40101 SET character_set_client = utf8 */;
CREATE TABLE `mp_tags` (
  `tag_id` smallint(5) unsigned NOT NULL AUTO_INCREMENT COMMENT '标签ID',
  `name` varchar(255) NOT NULL COMMENT '标签名称',
  PRIMARY KEY (`tag_id`)
) ENGINE=InnoDB DEFAULT CHARSET=latin1;
/*!40101 SET character_set_client = @saved_cs_client */;

--
-- Dumping data for table `mp_tags`
--

LOCK TABLES `mp_tags` WRITE;
/*!40000 ALTER TABLE `mp_tags` DISABLE KEYS */;
/*!40000 ALTER TABLE `mp_tags` ENABLE KEYS */;
UNLOCK TABLES;

--
-- Table structure for table `mp_theme`
--

DROP TABLE IF EXISTS `mp_theme`;
/*!40101 SET @saved_cs_client     = @@character_set_client */;
/*!40101 SET character_set_client = utf8 */;
CREATE TABLE `mp_theme` (
  `theme_id` smallint(5) unsigned NOT NULL AUTO_INCREMENT COMMENT '主题ID',
  `name` varchar(12) NOT NULL COMMENT '主题名称',
  PRIMARY KEY (`theme_id`)
) ENGINE=InnoDB AUTO_INCREMENT=3 DEFAULT CHARSET=latin1;
/*!40101 SET character_set_client = @saved_cs_client */;

--
-- Dumping data for table `mp_theme`
--

LOCK TABLES `mp_theme` WRITE;
/*!40000 ALTER TABLE `mp_theme` DISABLE KEYS */;
INSERT INTO `mp_theme` VALUES (1,'mono'),(2,'nebula');
/*!40000 ALTER TABLE `mp_theme` ENABLE KEYS */;
UNLOCK TABLES;

--
-- Table structure for table `mp_users`
--

DROP TABLE IF EXISTS `mp_users`;
/*!40101 SET @saved_cs_client     = @@character_set_client */;
/*!40101 SET character_set_client = utf8 */;
CREATE TABLE `mp_users` (
  `user_id` int(10) unsigned NOT NULL AUTO_INCREMENT,
  `email` varchar(255) COLLATE utf8_unicode_ci NOT NULL,
  `password` varchar(60) COLLATE utf8_unicode_ci NOT NULL,
  `remember_token` varchar(100) COLLATE utf8_unicode_ci DEFAULT NULL,
  `created_at` timestamp NOT NULL DEFAULT CURRENT_TIMESTAMP,
  `updated_at` timestamp NOT NULL DEFAULT CURRENT_TIMESTAMP ON UPDATE CURRENT_TIMESTAMP,
  PRIMARY KEY (`user_id`),
  UNIQUE KEY `users_email_unique` (`email`)
) ENGINE=InnoDB AUTO_INCREMENT=32 DEFAULT CHARSET=utf8 COLLATE=utf8_unicode_ci;
/*!40101 SET character_set_client = @saved_cs_client */;

--
-- Dumping data for table `mp_users`
--

LOCK TABLES `mp_users` WRITE;
/*!40000 ALTER TABLE `mp_users` DISABLE KEYS */;
INSERT INTO `mp_users` VALUES (1,'hansen1416@163.com','$2y$10$.OuUC8aHrNKbKEqoIvmUX.LQfAG0GCmnZfVnlsOTUpsSdoUh0QMrO','XWb2CSmP8gz4sW3pjHt0VmJhtVaHrMLfxhUU2K7NV8nshMs3LagXl2cFGkiB','2016-05-29 22:37:00','2016-10-08 17:36:27'),(2,'aaa@163.om','$2y$10$1a9ysC7m2pKQMiJgVokMVu.z7uMPS7gUbkoMSGahm1CZjgvW9X5v2','','2016-07-08 21:33:03','2016-08-22 01:22:29'),(3,'bbb@163.com','$2y$10$v2YwJcnFu13XVpoux/lyUuTD/znkY.He8IVChFYt.rSmz1NgGD1f6','','2016-07-14 00:53:27','2016-07-14 00:53:33'),(4,'ccc@163.com','$2y$10$5zwpEs3iv51Bh6UF5Cm5G.8OFvQpeySrvv9QbJYiPlbbfcBsAPeIy','','2016-07-14 00:55:16','2016-07-14 00:55:21'),(25,'dadasd@163.com','$2y$10$QWK8s/EiVVuPddT9Ef/Wb.6PhysC/k/.l.meJbVP/JFvzNotUncTC',NULL,'2017-02-27 09:55:48','2017-02-27 09:55:48'),(26,'dada1sd@163.com','$2y$10$9llP0dFcwcHOSGqp.J4aAOErT3Se/nRqv0bf1UKFTgTJtQFmMd/ai',NULL,'2017-02-27 09:57:21','2017-02-27 09:57:21'),(27,'ddddd@163.com','$2y$10$keil4U/nMcl0VuMZRCiCB.PQTy/V2faOh1TYq8I6/xTETeNXN1WQG',NULL,'2017-02-27 10:12:20','2017-02-27 10:12:20'),(28,'ddddde@163.com','$2y$10$oK.n8CMIhHxVTg/LSo37s.RayGl137Wa/VfuRm7LM6Rvtz3Vsc7/i',NULL,'2017-02-27 10:15:27','2017-02-27 10:15:27'),(29,'dasdasd@163.com','$2y$10$cl7RA9RfiRSrbH4oCsSO3ODCXn8jqSi5Ym3NebldsqZXs5UfVCu/O',NULL,'2017-02-27 10:18:38','2017-02-27 10:18:38'),(30,'aaaaaa@1.com','$2y$10$.19fWEsHaQtsCKv6BN4.2.PE5WVFGilMfbwMp2n8Nzt5k0vSd5WB6',NULL,'2017-02-27 10:20:10','2017-02-27 10:20:10'),(31,'bbbbb@1.com','$2y$10$K2o4YrfuThCwffFn6uUY2.wMYVRe9DcQKlHo5UYhanSkiH.3kn6fS',NULL,'2017-02-27 10:21:09','2017-02-27 10:21:09');
/*!40000 ALTER TABLE `mp_users` ENABLE KEYS */;
UNLOCK TABLES;
/*!40103 SET TIME_ZONE=@OLD_TIME_ZONE */;

/*!40101 SET SQL_MODE=@OLD_SQL_MODE */;
/*!40014 SET FOREIGN_KEY_CHECKS=@OLD_FOREIGN_KEY_CHECKS */;
/*!40014 SET UNIQUE_CHECKS=@OLD_UNIQUE_CHECKS */;
/*!40101 SET CHARACTER_SET_CLIENT=@OLD_CHARACTER_SET_CLIENT */;
/*!40101 SET CHARACTER_SET_RESULTS=@OLD_CHARACTER_SET_RESULTS */;
/*!40101 SET COLLATION_CONNECTION=@OLD_COLLATION_CONNECTION */;
/*!40111 SET SQL_NOTES=@OLD_SQL_NOTES */;

-- Dump completed on 2017-02-28  9:51:06
